[]
[]
[]
[]
[]
[]
[]
[]
[]
[]
[]
[]
[]
[]
[[0, 1.4215057288970758, -2.5500332583747403, -5.6762913488799915, 0.45373334932196263]]
[[0, 1.442207976459403, -2.499111706509619, -5.5379836170734045, 0.3662689633242273], [1, 0.7503835209183823, -1.9594425249685217, -6.69293469178652, 0.290254052722798]]
[[0, 1.4441882739108922, -2.3916109233594307, -5.260441165672951, 0.4410553982629947], [1, 0.8258847825803279, -2.0128905672192308, -6.456629904142941, 0.3981257532776814]]
[[0, 1.3924121203941706, -2.1910465285097747, -4.732528853694916, 0.5968799528779345], [1, 0.8770970564815102, -1.9816850629370024, -6.125304022167101, 0.42789908702183055]]
[[0, 1.3378247528229583, -1.9808017827602078, -4.849458294040196, 0.7723658448715358], [1, 0.8399714368515054, -1.7774835496715298, -3.753626030299723, 0.6231766615185845]]
[[0, 1.320705644412406, -1.8241580038661218, -5.979597728219659, 0.8981003129148426], [1, 0.8314604504863248, -1.615352774581326, -5.285585948267253, 0.7490541999909441]]
[[0, 1.320705644412406, -1.8241580038661218, -5.979597728219659, 0.8981003129148426], [1, 0.8314604504863248, -1.615352774581326, -5.285585948267253, 0.7490541999909441]]
[[0, 1.320705644412406, -1.8241580038661218, -5.979597728219659, 0.8981003129148426], [1, 0.8314604504863248, -1.615352774581326, -5.285585948267253, 0.7490541999909441]]
[]
[[3, -1.5942054391854907, -2.6255642717369616, -6.440935924430834, 1.0605977909006739]]
[[3, -1.620126379783454, -2.858708223395242, -6.5284259803032905, 1.2243287408767645]]
[[3, -1.620126379783454, -2.858708223395242, -6.5284259803032905, 1.2243287408767645]]
[[3, -1.620126379783454, -2.858708223395242, -6.5284259803032905, 1.2243287408767645]]
[]
[]
[]
[]
[]
[]
[]
[]
[]
[]
[[6, 0.9408193151850618, -2.844682017500169, -9.271670977007068, 0.7668124605572693]]
[[6, 1.0078743741565233, -2.7246898239001918, -7.233265142462934, 0.892106602232434]]
[[4, 1.587911284753858, -2.9981322456662785, -6.912822755548275, 0.9268675694207456], [6, 0.9866956268239628, -2.405884471436556, -5.442423707575704, 1.1721774515524952]]
[[4, 1.704351979278894, -2.8493788214973117, -5.656106568800402, 1.096450965751427], [6, 1.1227522579636944, -2.2924994751078773, -10.778139324293825, 1.2528487356688587]]
[[4, 1.8045778705901983, -2.6944071627363306, -8.783550666363015, 1.2522531008107496], [6, 1.1227522579636944, -2.2924994751078773, -10.778139324293825, 1.2528487356688587]]
[[4, 1.8045778705901983, -2.6944071627363306, -8.783550666363015, 1.2522531008107496], [6, 1.1227522579636944, -2.2924994751078773, -10.778139324293825, 1.2528487356688587]]
[[4, 1.8045778705901983, -2.6944071627363306, -8.783550666363015, 1.2522531008107496]]
[[8, 1.0887917186659004, -2.512577149285468, -5.503487769021467, 1.4223369322651664]]
[[8, 1.0886843056845583, -2.237564788348025, -4.837164446512413, 1.4358136907421488]]
[[8, 1.0886843056845583, -2.237564788348025, -4.837164446512413, 1.4358136907421488]]
[[8, 1.0886843056845583, -2.237564788348025, -4.837164446512413, 1.4358136907421488], [10, -1.4023022927819753, -2.574000667173424, -7.575654053699861, 1.439706431513844]]
[[10, -1.4023022927819753, -2.574000667173424, -7.575654053699861, 1.439706431513844]]
[[10, -1.3735390238469274, -2.6936486609888406, -5.127475951601379, 1.5223802923943295]]
[[10, -1.3546138144357558, -2.891422890062138, -6.6040672068355555, 1.6493406945844555]]
[[10, -1.244120302603371, -2.839135836397402, -4.493130438528332, 1.3582330916248573]]
[[10, -1.244120302603371, -2.839135836397402, -4.493130438528332, 1.3582330916248573]]
[[10, -1.2548703974415867, -3.1580004562034576, -6.813782307445627, 1.5907841527575255]]
[[10, -1.165562795813323, -3.1601122410573677, -4.757602502361684, 1.0445956316181417]]
[[10, -1.06490828557578, -3.0845392304545336, -4.163299271513015, 1.06388042644252]]
[[10, -1.06490828557578, -3.0845392304545336, -4.163299271513015, 1.06388042644252]]
[[10, -1.06490828557578, -3.0845392304545336, -4.163299271513015, 1.06388042644252]]
[]
[]
[]
[]
[]
[]
[]
[]
[]
[]
[[15, 0.9932586039224084, -4.250087665679828, -7.4780973447568995, 1.6150175674965463]]
[[15, 0.9527250619429712, -3.8235762567303095, -5.34934463593295, 1.4203313685823524]]
[[15, 0.8881688118504198, -3.356464975273893, -3.956926805199733, 1.4284338803068355]]
[[15, 0.8263910870621306, -2.9198376606159964, -4.289142347110229, 1.5818696288470715]]
[[15, 0.7599151716227863, -2.486533175507485, -3.6986602593109716, 1.8183015013352075]]
[[15, 0.713743301844978, -2.121549058276019, -3.8994988023143344, 2.0619529102635643]]
[[15, 0.7431489739363997, -1.9285670112292717, -6.270485488296266, 1.8955315929997738]]
[[15, 0.7217340043713283, -1.679674457317956, -4.140928186889617, 1.6715418099336514], [17, 2.1254433370888437, -2.7134725803070427, -5.259349998452507, 0.5358178066454681], [18, 0.33016191770425224, -1.9736984712689485, -3.2669606308119765, 0.43630549495078597]]
[[15, 0.7645098259298029, -1.5445594694551033, -6.100254334212771, 1.2941718909719562], [17, 2.0533275362065484, -2.5188526821292148, -4.643583151292643, 0.5913667557412666], [18, 0.33016191770425224, -1.9736984712689485, -3.2669606308119765, 0.43630549495078597], [19, 1.1813534098326128, -1.8170064745454424, -4.800530763880828, 0.7018246386480905]]
[[15, 0.7645098259298029, -1.5445594694551033, -6.100254334212771, 1.2941718909719562], [17, 2.003548832165458, -2.3613503934675304, -3.0937254473845286, 0.618440428843689], [18, 0.33016191770425224, -1.9736984712689485, -3.2669606308119765, 0.43630549495078597], [19, 1.2258103799876339, -1.7223598520561354, -5.752836331776025, 0.7907754184713747], [20, -1.512559171676147, -2.0925046119553543, -5.1545653404786504, 0.8238413309183675]]
[[15, 0.7645098259298029, -1.5445594694551033, -6.100254334212771, 1.2941718909719562], [17, 2.003548832165458, -2.3613503934675304, -3.0937254473845286, 0.618440428843689], [19, 1.2258103799876339, -1.7223598520561354, -5.752836331776025, 0.7907754184713747], [20, -1.5722781050087025, -2.3496866813993162, -6.632113768503082, 0.7692172548628788]]
[[17, 2.003548832165458, -2.3613503934675304, -3.0937254473845286, 0.618440428843689], [19, 1.2258103799876339, -1.7223598520561354, -5.752836331776025, 0.7907754184713747], [20, -1.6341588023364617, -2.6350312245408998, -5.802903038366076, 1.0149172458402564]]
[[20, -1.6341588023364617, -2.6350312245408998, -5.802903038366076, 1.0149172458402564], [21, 0.8666695056936713, -2.356932192870219, -4.053768405298427, 0.6690182893563492]]
[[20, -1.6537754464246828, -2.89078974673489, -5.770529531967624, 1.2194673388474304], [21, 0.9218969103657784, -2.2666378995302146, -5.361681455723596, 0.7174993988000766]]
[[20, -1.6537754464246828, -2.89078974673489, -5.770529531967624, 1.2194673388474304], [21, 0.9237034510040407, -2.0685585329977814, -4.748984646023695, 0.8981516230104644]]
[[20, -1.6537754464246828, -2.89078974673489, -5.770529531967624, 1.2194673388474304], [21, 1.0618794622803682, -2.0600564207525127, -6.6193400407379, 0.9484228596413125]]
[[21, 1.0618794622803682, -2.0600564207525127, -6.6193400407379, 0.9484228596413125]]
[[21, 1.0618794622803682, -2.0600564207525127, -6.6193400407379, 0.9484228596413125]]
[]
[]
[]
[]
[[22, -1.9214992117667222, -2.3739400663358294, -4.878303779437392, 1.2563621987080658]]
[[22, -2.136688112529341, -2.802290228203926, -8.560850533557831, 1.431753739814957]]
[[22, -2.3426911562139234, -3.2507349427603676, -7.956526901691086, 1.6478289912474757], [24, 0.9439286306065949, -2.4050715262454725, -5.137551882760075, 0.5611008145672596]]
[[22, -2.31793007344847, -3.3454967272976996, -5.748453927683633, 1.6816475384022855], [24, 0.927002060879101, -2.164318645939969, -4.3768707474537845, 0.7853330434671786], [25, 0.34841791115761905, -2.1065205338863633, -3.588211485380207, 0.6361809259249636], [26, 1.4310679487910214, -2.69084991934129, -5.232948351408188, 0.6925826812242217]]
[[22, -2.2202718918847593, -3.341549980609691, -6.388543048837804, 1.3900723615211241], [24, 0.9443026034174773, -1.977603343341317, -6.419378219865964, 0.9750263197669302], [25, 0.34841791115761905, -2.1065205338863633, -3.588211485380207, 0.6361809259249636], [26, 1.437124828779468, -2.5364471105807525, -5.262912791361836, 0.7983382420362719]]
[[22, -2.3232802485925013, -3.6982585728516035, -8.416418765805128, 1.6662857199797725], [24, 1.1572960655781583, -2.059710416929506, -11.606860522665848, 1.0954897128656325], [25, 0.34841791115761905, -2.1065205338863633, -3.588211485380207, 0.6361809259249636], [26, 1.4092318255674865, -2.343010268661107, -5.2139225708127395, 0.8991472845306347]]
[[22, -2.3232802485925013, -3.6982585728516035, -8.416418765805128, 1.6662857199797725], [24, 1.1572960655781583, -2.059710416929506, -11.606860522665848, 1.0954897128656325], [26, 1.349018334996678, -2.106533214110782, -4.326272705857111, 1.0094950652096706]]
[[22, -2.3232802485925013, -3.6982585728516035, -8.416418765805128, 1.6662857199797725], [24, 1.1572960655781583, -2.059710416929506, -11.606860522665848, 1.0954897128656325], [26, 1.283375293286177, -1.8829833301816004, -5.4674231369244515, 1.111535496439394]]
[[22, -2.4482392571347424, -4.23463126135604, -9.617341177875435, 1.8667642843700976], [26, 1.224465450307327, -1.6852572966856696, -4.8073144082440455, 1.1654506148286843]]
[[22, -2.4482392571347424, -4.23463126135604, -9.617341177875435, 1.8667642843700976], [26, 1.163526783654548, -1.5098550303912004, -2.9772346488747785, 1.1781981724728463]]
[[22, -2.4482392571347424, -4.23463126135604, -9.617341177875435, 1.8667642843700976], [26, 1.163526783654548, -1.5098550303912004, -2.9772346488747785, 1.1781981724728463]]
[[26, 1.163526783654548, -1.5098550303912004, -2.9772346488747785, 1.1781981724728463], [27, -1.492631755226852, -2.1676121868204645, -7.009138985881962, 1.1993322874767527]]
[[27, -1.5449393004389589, -2.398159328126856, -6.446035281949911, 1.3411251388655567]]
[[27, -1.5543847087751141, -2.555025854722939, -4.607434780170845, 1.3606607066029333], [28, 0.29649848073817897, -2.800742075719824, -4.138834749865401, 0.7357222659621442]]
[[27, -1.7383718464317592, -3.109006003438868, -9.307608251548226, 1.709072670550464], [28, 0.30309759251018187, -2.578427478720991, -4.601163615666571, 0.8887278515934245]]
[[27, -1.7838514116275428, -3.387640033085355, -5.874494474721503, 1.7852508473015987], [28, 0.3145722050695234, -2.387375069877735, -4.249428198948413, 0.9140106598323904]]
[[27, -1.7838514116275428, -3.387640033085355, -5.874494474721503, 1.7852508473015987], [28, 0.32560512265262487, -2.1513260651161645, -4.2718059149529095, 1.06008130759292]]
[[27, -1.7838514116275428, -3.387640033085355, -5.874494474721503, 1.7852508473015987], [28, 0.32434255120089295, -1.8805039116983837, -3.955966235551175, 1.2319941913311026]]
[[28, 0.3568294081106076, -1.705472081629936, -6.846893805842192, 1.2284916371759365]]
[[28, 0.3568294081106076, -1.705472081629936, -6.846893805842192, 1.2284916371759365]]
[[28, 0.3568294081106076, -1.705472081629936, -6.846893805842192, 1.2284916371759365]]
[]
[]
[]
[]
[[29, 1.0929322575383682, -3.924716427544608, -6.601539440362018, 0.8615194405635214], [31, 1.3717880492321717, -3.035547479571291, -5.4937288034507095, 0.5766327602456227]]
[[29, 1.1483445806379506, -3.9608139851123187, -6.130450937806371, 0.7356952852477493], [31, 1.3509258954325807, -2.7939107040953246, -5.198139264092418, 0.7439573434500885], [32, 0.3560467688828233, -1.9617213544687748, -3.9173491065669666, 0.39184031482492665]]
[[29, 1.1874113496053054, -3.9247315869033743, -5.198010349566215, 0.6117060061249096], [31, 1.3774944774283524, -2.613433304246129, -6.2229981337214015, 0.8650509893756839], [32, 0.389672454150894, -1.8340479785048163, -5.856718058204698, 0.5053692302316071]]
[[29, 1.2187570975716318, -3.8662948274290914, -5.82687730895544, 0.392042359487048], [31, 1.3476280189788863, -2.3540168357020708, -4.820013067133534, 0.9378545986938507], [32, 0.389672454150894, -1.8340479785048163, -5.856718058204698, 0.5053692302316071]]
[[29, 1.240484368163288, -3.7747511412905825, -6.087175723704319, 0.32391494793103015], [31, 1.2902250363364631, -2.078095110383436, -4.741229990782428, 1.0039843025153805], [32, 0.389672454150894, -1.8340479785048163, -5.856718058204698, 0.5053692302316071]]
[[29, 1.248648816185106, -3.625830526728029, -6.212108103754857, 0.34585065739513626], [31, 1.3193912326788027, -1.9201209519804634, -6.671695160480937, 0.9412335099491218]]
[[29, 1.2838676802790117, -3.5208928439626037, -6.162902609988046, 0.34391331867767344], [31, 1.3193912326788027, -1.9201209519804634, -6.671695160480937, 0.9412335099491218], [33, 1.4022950975946624, -3.1152562531752697, -6.170870877698891, 0.5811717958983978]]
[[29, 1.2918959167440627, -3.3660355250223204, -5.603022320665072, 0.42261507605997917], [31, 1.3193912326788027, -1.9201209519804634, -6.671695160480937, 0.9412335099491218], [33, 1.4008576958651124, -2.8975649866687783, -5.5029225053576285, 0.5943768729575659], [34, -2.1227566489403515, -3.0476876769608827, -8.418955201097809, 0.5901269441434093]]
[[29, 1.2796227163792122, -3.182011904985151, -5.481472138767946, 0.5468980740627272], [33, 1.3551174252057359, -2.610180961213619, -5.146348904450333, 0.7712708337153122], [34, -2.143704870524036, -3.2100669920319884, -8.006400774061502, 0.7244266318043769]]
[[29, 1.3050279174217416, -3.0974291911359564, -5.3667744420326375, 0.5174300181414033], [33, 1.3135347840162142, -2.330313160711649, -5.502343341987371, 0.783957474726059], [34, -2.093402534571474, -3.283152064125045, -5.6647163240448855, 0.7136117678113394]]
[[29, 1.2961802208772868, -2.9212981656230164, -6.89426082581776, 0.6031431060324899], [33, 1.2706399749398776, -2.0742122722118896, -5.3764181762931464, 0.972748714750159], [34, -2.093402534571474, -3.283152064125045, -5.6647163240448855, 0.7136117678113394], [35, 0.3623996096616753, -1.9846097905476832, -3.9648272017891544, 0.4509837452655187]]
[[29, 1.270971205288396, -2.7185637562607234, -6.0244171937730355, 0.7670634717911263], [33, 1.334459611944649, -1.9614981059123089, -7.753060446418238, 1.0176726114485195], [34, -2.093402534571474, -3.283152064125045, -5.6647163240448855, 0.7136117678113394], [35, 0.3623996096616753, -1.9846097905476832, -3.9648272017891544, 0.4509837452655187]]
[[29, 1.2456375326078934, -2.51345820263011, -5.921855145918322, 0.8787841433184411], [33, 1.334459611944649, -1.9614981059123089, -7.753060446418238, 1.0176726114485195], [35, 0.3623996096616753, -1.9846097905476832, -3.9648272017891544, 0.4509837452655187]]
[[29, 1.2479609570347434, -2.3616565185564964, -6.75305391046447, 0.843616684908949], [33, 1.334459611944649, -1.9614981059123089, -7.753060446418238, 1.0176726114485195]]
[[29, 1.2704723376969245, -2.274901566053835, -6.053676729884633, 0.869055971475006]]
[[29, 1.2716299249283152, -2.1409654014859836, -6.5721864316007865, 0.7660462520830812]]
[[29, 1.2716299249283152, -2.1409654014859836, -6.5721864316007865, 0.7660462520830812], [39, -1.6723346175858542, -2.6845047529911965, -4.3971379388021266, 0.6251469371861784]]
[[29, 1.2716299249283152, -2.1409654014859836, -6.5721864316007865, 0.7660462520830812], [38, 0.9617800428895007, -2.5473287411189753, -3.9172864610983247, 0.4068178559571062], [39, -1.5048034080868051, -2.5140756858658313, -3.261778205205121, 0.6793269264991146]]
[[38, 0.9740421884764981, -2.4181850814098156, -4.3814802068184955, 0.40036867048979347], [39, -1.3660638441160788, -2.391522366627449, -4.010715399394302, 0.6273464842020212]]
[[38, 0.9899237965794184, -2.2956731068230294, -4.538802088729446, 0.44139026494810735], [39, -1.4128549386968843, -2.6454254290451473, -7.092253910584894, 0.8050177126409681]]
[[38, 0.9951899342228263, -2.1515084431251204, -4.372655559084753, 0.5276132266652177], [39, -1.3598576248149177, -2.667121372410631, -4.466807776924392, 0.7414217260290474], [42, -1.2209899814792071, -1.867960115848195, -4.403660955695455, 0.4228716590019873]]
[[38, 0.9769688112204511, -1.9629488194898734, -4.213159165868337, 0.5620623698656553], [39, -1.294570853271369, -2.6363862793463877, -3.8936349665725603, 0.600661714808802], [42, -1.177154596873736, -1.9337830743347633, -4.413784467873174, 0.2983841822475133]]
[[38, 0.9428351979459318, -1.7513755126771484, -4.364336907862282, 0.6118107796568844], [39, -1.2309499770482826, -2.6053687809850756, -3.916709724223103, 0.4950575082262251], [42, -1.1744872725700612, -2.1108035643154297, -5.362042003516457, 0.388462346065341]]
[[38, 0.9293291234721242, -1.5766476461663181, -4.678884586465143, 0.615205837050725], [39, -1.2060272241747025, -2.6872399831105893, -5.4293508294413115, 0.4192973253246793], [42, -1.1877150434019468, -2.3314972663771405, -6.040989947914754, 0.4309476565453322]]
[[38, 0.9092120153544093, -1.4163214948596752, -4.343454518320214, 0.6512590787884933], [39, -1.2060272241747025, -2.6872399831105893, -5.4293508294413115, 0.4192973253246793], [42, -1.2468739914358282, -2.6645295345086706, -7.083758625393945, 0.675643571908747]]
[[38, 0.9508644276120859, -1.3417213149315639, -5.415411783437097, 0.623259234039725], [39, -1.1293692858734037, -2.6271099156074635, -3.719916209151712, 0.3004668501593666], [42, -1.1855256968080634, -2.684822444375071, -4.615452130687931, 0.674542457131831]]
[[38, 0.9508644276120859, -1.3417213149315639, -5.415411783437097, 0.623259234039725], [39, -1.1293692858734037, -2.6271099156074635, -3.719916209151712, 0.3004668501593666], [42, -1.1855256968080634, -2.684822444375071, -4.615452130687931, 0.674542457131831]]
[[38, 0.9508644276120859, -1.3417213149315639, -5.415411783437097, 0.623259234039725], [39, -1.1293692858734037, -2.6271099156074635, -3.719916209151712, 0.3004668501593666], [42, -1.1855256968080634, -2.684822444375071, -4.615452130687931, 0.674542457131831]]
[[44, -1.2431520548951043, -1.71365008419918, -4.810193109890346, 0.6313966794957576]]
[[44, -1.292151954575896, -1.9043550708303543, -6.365910787877937, 0.834155438036853]]
[[44, -1.6155872408348984, -2.609663837254349, -10.749963638249412, 1.940626693023389]]
[[44, -1.6155872408348984, -2.609663837254349, -10.749963638249412, 1.940626693023389]]
[[44, -1.5778196256833794, -2.678599854630254, -4.295570191035397, 1.9671254198106294], [46, -2.7222022639270147, -3.6938876836270094, -11.696385373433007, 2.2683265932226258]]
[[44, -1.7654048860493472, -3.2611347795993986, -12.534418810502146, 2.623495153818613], [46, -2.939751727116667, -4.214858537064097, -10.673685585900785, 2.702871610604343]]
[[44, -1.9060495252884628, -3.741949383650753, -9.402656069568536, 3.1014200223381083], [46, -3.138876508389762, -4.698076624953113, -10.723178892831811, 3.1657080389172223], [47, -2.777311575737829, -3.973405910060433, -6.433907335699087, 2.6179751556120427]]
[[44, -1.8084693916365078, -3.6878812609460665, -5.843611767374466, 3.043464940096814], [46, -3.2269014486901773, -5.0620669386392105, -11.863853344464687, 3.6122409795660864], [47, -2.577878847138999, -3.868298171585339, -7.118312006678812, 2.119634534780503]]
[[44, -1.8084693916365078, -3.6878812609460665, -5.843611767374466, 3.043464940096814], [46, -3.2269014486901773, -5.0620669386392105, -11.863853344464687, 3.6122409795660864], [47, -2.577878847138999, -3.868298171585339, -7.118312006678812, 2.119634534780503]]
[[44, -1.6929888681042824, -3.572545739275338, -7.077123500031292, 2.1593739591634185], [46, -3.0739855666960274, -4.99276200772092, -9.923857824407161, 3.217263037359485], [47, -2.4780167668609607, -3.9111141787424906, -9.923857824407161, 1.4243977149805649]]
[[44, -1.6023810903213267, -3.546220039300068, -6.640238677183639, 2.181300579487785], [46, -2.829655371773338, -4.731501950557346, -8.145620390082536, 2.9279346572415914], [47, -2.3627431727815753, -3.8877626392769304, -8.145620390082536, 1.3730516385044071]]
[[44, -1.5603566251677266, -3.6312537488525987, -6.561406092933378, 1.4239868097293025], [46, -2.829655371773338, -4.731501950557346, -8.145620390082536, 2.9279346572415914], [47, -2.3627431727815753, -3.8877626392769304, -8.145620390082536, 1.3730516385044071]]
[[44, -1.5399518260024696, -3.760001655513739, -6.95342887557637, 0.8811783639107317], [46, -2.829655371773338, -4.731501950557346, -8.145620390082536, 2.9279346572415914], [47, -2.3627431727815753, -3.8877626392769304, -8.145620390082536, 1.3730516385044071], [49, -1.0098742211111589, -1.1483438005980084, -6.9588575624924625, 0.6161609548409002]]
[[44, -1.5517009275759384, -3.969917994026474, -9.159294169211567, 1.0294467439429502], [49, -1.0968472520988974, -1.2966111802181528, -6.859757400160442, 0.7978803975004984]]
[[44, -1.5517009275759384, -3.969917994026474, -9.159294169211567, 1.0294467439429502], [49, -1.1632673636716997, -1.4342539686025544, -6.697452083040698, 0.9432809565484211]]
[[44, -1.5517009275759384, -3.969917994026474, -9.159294169211567, 1.0294467439429502], [49, -1.2165716507929718, -1.5688637420255855, -6.981168502087663, 1.012325941606343]]
[[49, -1.2596420975087674, -1.7001946198660292, -6.676303043918495, 1.0318932605752944]]
[[49, -1.3119885358696637, -1.860704852968723, -7.20732159989859, 1.1289442591304026]]
[[49, -1.3815261225499769, -2.0548282245943517, -7.020197193280364, 1.1657300136885704], [52, 0.843273169330628, -2.7701132494076424, -5.427769415327265, 1.550971587508126], [53, -1.3136918200334098, -1.6979618680546054, -5.660209259453843, 0.8292509220457207], [54, 0.36543081468343813, -1.9640891717600117, -3.7025297561133512, 1.2301927981506264]]
[[49, -1.4403110954259453, -2.240652350803209, -6.554300683034467, 1.224310660781532], [52, 0.895075083191945, -2.662989630323933, -5.635538515494327, 1.5493959345287291], [53, -1.3392170858296597, -1.8501140221377748, -4.607068683521136, 1.0029817859507282], [54, 0.3932404130594119, -1.7826024472304622, -5.656292582978975, 1.3823278851970133]]
[[49, -1.5201241496659277, -2.4718933986692586, -7.737602067139486, 1.3625159482004292], [52, 0.9889801703257031, -2.611857766838276, -5.051281459035398, 1.2603552676359948], [53, -1.424334602597689, -2.1312566212824904, -7.051351413850219, 1.0333468583676573], [54, 0.3932404130594119, -1.7826024472304622, -5.656292582978975, 1.3823278851970133]]
[[49, -1.5820583573889682, -2.688840581119868, -6.1009883472067985, 1.4848099023302228], [52, 0.9735982769127117, -2.3679452544539, -4.392876354088876, 1.1145638380708482], [53, -1.4653293809212906, -2.3353082224754003, -5.700691147206878, 1.1944043271113283], [54, 0.3932404130594119, -1.7826024472304622, -5.656292582978975, 1.3823278851970133], [55, 1.1197417125473625, -3.5355341082599963, -5.672283356487574, 1.3605987427460817], [56, -1.9334327293064184, -2.5520757243898142, -6.682615641825565, 0.7801026777936324]]
[[49, -1.5820583573889682, -2.688840581119868, -6.1009883472067985, 1.4848099023302228], [52, 0.9379025845986465, -2.1041462466218226, -4.781382783292918, 1.2574493001634175], [53, -1.4653293809212906, -2.3353082224754003, -5.700691147206878, 1.1944043271113283], [55, 1.1721122718152304, -3.5347226193384196, -6.929238289573598, 0.9539836510398436], [56, -1.9655157463131094, -2.7171419471662683, -6.224576257432917, 0.9657847453234737]]
[[49, -1.5832901010254055, -2.8151382034895702, -5.267762711750998, 1.4223459631670756], [52, 0.9226441270997673, -1.8812686122098266, -5.038211243249421, 1.369201579658918], [53, -1.4653293809212906, -2.3353082224754003, -5.700691147206878, 1.1944043271113283], [55, 1.1765446566162343, -3.393094886855616, -5.568760132652115, 0.6985987472307967], [56, -2.024743762625797, -2.9352733382042837, -7.637585264779573, 1.1778041593179296], [58, -2.4439988931536356, -2.9931108720199955, -8.123190564464313, 1.0538854054984488]]
[[49, -1.5145590145970123, -2.803615289435702, -3.6984817286399045, 1.2289574523597402], [52, 0.9157574303613292, -1.6880011726188642, -5.617593577202859, 1.4747069817495384], [55, 1.2291281277054875, -3.3466187084070356, -6.368060761631503, 0.5683617277000702], [56, -2.024743762625797, -2.9352733382042837, -7.637585264779573, 1.1778041593179296], [58, -2.444416784472698, -3.0897672789074564, -5.703072241447986, 1.13234136502093]]
[[49, -1.5973358425363797, -3.109050841310019, -6.041639010729074, 1.3992385529295066], [52, 0.9353991849000856, -1.5513395049636116, -6.172078415737083, 1.5185925860719285], [55, 1.228855127512836, -3.181454416427962, -5.361484554585581, 0.6817364802344977], [56, -1.972864085143912, -2.99968780303308, -5.537866265723342, 1.0629908845199516], [58, -2.4576928057375604, -3.2265186434385544, -6.514888108119399, 1.1078684432821138]]
[[49, -1.5502851827389876, -3.148765318209178, -4.672491182299213, 1.1389752791374381], [52, 1.0913567925821297, -1.5831873662735498, -10.10100230752278, 1.3988356045929757], [55, 1.2259608100079178, -3.0072360853732283, -5.918684054601511, 0.8618182235023644], [56, -1.9346603106128206, -3.086758389113341, -6.702615073058563, 0.9364100232206439], [58, -2.404187144058082, -3.2769421876988876, -7.041907295447611, 1.015456573621453]]
[[49, -1.5715928767411973, -3.339114740300323, -5.8524903034481985, 1.0934687480285128], [52, 1.0913567925821297, -1.5831873662735498, -10.10100230752278, 1.3988356045929757], [55, 1.2095864015048154, -2.7899507248061584, -5.29943367522259, 1.1002488858261994], [56, -1.9346603106128206, -3.086758389113341, -6.702615073058563, 0.9364100232206439], [58, -2.334546684505315, -3.299864917943271, -6.539716115741166, 0.8763028668223836]]
[[49, -1.6062135363163343, -3.541998644479201, -6.868286049074805, 1.2118328128922466], [52, 1.0913567925821297, -1.5831873662735498, -10.10100230752278, 1.3988356045929757], [55, 1.1968690690367443, -2.5856031676813704, -5.772611209712709, 1.1949114460152241], [56, -1.9346603106128206, -3.086758389113341, -6.702615073058563, 0.9364100232206439], [58, -2.334546684505315, -3.299864917943271, -6.539716115741166, 0.8763028668223836], [60, -1.2608652009389272, -1.5744415589947396, -5.192741278070428, 0.7524054682113607]]
[[49, -1.6062135363163343, -3.541998644479201, -6.868286049074805, 1.2118328128922466], [55, 1.1784515247861638, -2.3760000471115026, -5.841432992018201, 1.3986031779480577], [58, -2.334546684505315, -3.299864917943271, -6.539716115741166, 0.8763028668223836], [60, -1.2629665243716386, -1.6670897236212194, -4.20021508992069, 0.8113993250057572]]
[[49, -1.6062135363163343, -3.541998644479201, -6.868286049074805, 1.2118328128922466], [55, 1.140498622613077, -2.1488064019803366, -5.044067876130917, 1.492968603960645], [58, -2.3033076835638404, -3.4505996583392604, -7.282564906680568, 0.7631850373486708], [60, -1.3060794557284239, -1.829685500332967, -4.632983688324544, 0.8565263136384882], [61, -1.3264909720047973, -2.4431068340626307, -8.480805702420332, 1.3963341879136248]]
[[55, 1.0980156293699632, -1.9306776548932796, -5.006833640532407, 1.561403534935624], [58, -2.3033076835638404, -3.4505996583392604, -7.282564906680568, 0.7631850373486708], [60, -1.3206172686288038, -1.9596378209877583, -4.376848932139286, 0.792935326537761], [61, -1.3264909720047973, -2.4431068340626307, -8.480805702420332, 1.3963341879136248]]
[[55, 1.0599492285342687, -1.734028797762465, -5.172997557340286, 1.5398377765518378], [58, -2.3033076835638404, -3.4505996583392604, -7.282564906680568, 0.7631850373486708], [60, -1.368427197811863, -2.1507890040758095, -4.853831097766892, 1.0255131628456244], [61, -1.34413955514983, -2.7230175228208946, -5.259807228153888, 1.6679012458595168]]
[[55, 1.0477406227536092, -1.5883100615960517, -5.320436092284689, 1.452080975926855], [60, -1.5505902230607171, -2.6262726325271646, -6.651812438094495, 1.580892022599779], [61, -1.441564345014588, -3.2359678718752463, -8.778255233902952, 2.1797728750766177], [62, -1.5396937551862129, -1.8649111167459318, -4.983015406475703, 1.8024908237430513], [63, 0.882425530708679, -2.6617669224434626, -5.197394684669605, 0.37739429530288804]]
[[55, 1.0477406227536092, -1.5883100615960517, -5.320436092284689, 1.452080975926855], [60, -1.637725259238156, -2.9378304618828697, -6.131858820782238, 1.9143047198111556], [61, -1.441564345014588, -3.2359678718752463, -8.778255233902952, 2.1797728750766177], [62, -1.5280019089619752, -1.9801972802457692, -5.794850870493806, 1.5556202522318725], [63, 0.8943084973752068, -2.510057043965168, -4.823525815729645, 0.5778264300824925]]
[[55, 1.0477406227536092, -1.5883100615960517, -5.320436092284689, 1.452080975926855], [60, -1.7913080806024344, -3.4115222965641756, -8.133160854195927, 2.3978187101586688], [61, -1.441564345014588, -3.2359678718752463, -8.778255233902952, 2.1797728750766177], [62, -1.552424960338528, -2.1596390291586953, -6.031040434547333, 1.2686042096570218], [63, 0.918248520840704, -2.3809030868897807, -5.386488789457865, 0.6450775558710616]]
[[60, -1.7913080806024344, -3.4115222965641756, -8.133160854195927, 2.3978187101586688], [62, -1.6489016128268519, -2.4876571281967546, -6.929342939779976, 1.3157870871074526], [63, 0.9807666474611261, -2.3096502177847658, -5.64533479004764, 0.7242617434485494]]
[[60, -1.8889409862142026, -3.8302418914943352, -7.304468839889789, 2.8351618265501033], [62, -1.695363506349973, -2.737726004381433, -6.503467452397757, 1.419298579424823], [63, 1.0785427960554506, -2.2836674518437836, -5.873124688337439, 0.7936590968705972]]
[[60, -1.8889409862142026, -3.8302418914943352, -7.304468839889789, 2.8351618265501033], [62, -1.7190195906940384, -2.9531039271934736, -5.3893030992144535, 1.6118922717446327], [63, 1.118789628608673, -2.1414155830583796, -6.436186801200075, 0.9102890680277319], [65, -0.7719899693864616, -2.5766445308544785, -5.706360772487198, 1.4139279969638607]]
[[60, -1.7897407610500111, -3.870452455808752, -7.69034794318276, 2.704559647663854], [62, -1.700719601406311, -3.0974753227140397, -5.880654397678461, 1.656520899783929], [63, 1.4485236526424428, -2.3619845345754116, -13.744587765446743, 1.268378793912364], [65, -0.783063805642762, -2.7879566418654376, -6.474535851843541, 1.5729147579503238], [66, 1.2964400853932065, -3.112511454008124, -5.1224379188695135, 1.117264532886769]]
[[60, -1.7897407610500111, -3.870452455808752, -7.69034794318276, 2.704559647663854], [62, -1.6963959440476586, -3.2582384169996597, -6.423933036348317, 1.6242216926785513], [63, 1.4485236526424428, -2.3619845345754116, -13.744587765446743, 1.268378793912364], [65, -0.783063805642762, -2.7879566418654376, -6.474535851843541, 1.5729147579503238], [66, 1.2951046751233068, -2.9340713635044833, -4.9228389267265715, 1.319806046100127]]
[[60, -1.7897407610500111, -3.870452455808752, -7.69034794318276, 2.704559647663854], [62, -1.6963959440476586, -3.2582384169996597, -6.423933036348317, 1.6242216926785513], [63, 1.4485236526424428, -2.3619845345754116, -13.744587765446743, 1.268378793912364], [65, -0.783063805642762, -2.7879566418654376, -6.474535851843541, 1.5729147579503238], [66, 1.2987939672367794, -2.761152159256887, -5.626213363213764, 1.2817121308586832], [67, -1.3902341583769042, -1.9740436956133327, -6.891669970134054, 0.9798573636881436]]
[[62, -1.6963959440476586, -3.2582384169996597, -6.423933036348317, 1.6242216926785513], [66, 1.2893095592801807, -2.5664669675138523, -5.116375475001827, 1.3284966759103334], [67, -1.409941756777173, -2.1474449658589565, -5.5856665066069775, 1.1831994994050643]]
[[62, -1.568331189717672, -3.1847286646217112, -4.1763807976810075, 1.3415240361059295], [66, 1.244620700967605, -2.3263975106005765, -4.553724886158335, 1.4362599840998276], [67, -1.4635949521664102, -2.404876711192623, -5.871166265002842, 1.3360786140151215]]
[[62, -1.568331189717672, -3.1847286646217112, -4.1763807976810075, 1.3415240361059295], [66, 1.2209850843085692, -2.1182883033344573, -4.849311701180398, 1.4543186210367605], [67, -1.496330640911858, -2.6480103639214683, -5.361994221477311, 1.4560034925880334], [68, 1.1531588513757498, -4.858591274144464, -10.736695692300632, 1.8050776521545295]]
[[62, -1.568331189717672, -3.1847286646217112, -4.1763807976810075, 1.3415240361059295], [66, 1.1911799302398571, -1.9142523038199941, -4.798773186301324, 1.5006836881592904], [67, -1.533467808131277, -2.921310318521237, -5.827616928498433, 1.6861814476221866], [68, 1.2327476302341938, -5.032350485620053, -10.557754198375346, 2.059463380716928]]
[[66, 1.166002272965422, -1.7345472483719717, -5.077853538726782, 1.5127068532456671], [67, -1.533467808131277, -2.921310318521237, -5.827616928498433, 1.6861814476221866], [68, 1.1881874098534673, -4.7350288769545354, -5.674271521037919, 1.8048326284098741]]
[[66, 1.2517920443288133, -1.6952484827551557, -6.752948044850752, 1.3669860991818066], [67, -1.533467808131277, -2.921310318521237, -5.827616928498433, 1.6861814476221866], [68, 1.2167578786159279, -4.6893899003137, -9.061544901871361, 1.803506345254671], [69, 0.8422607122856188, -2.6583267078205863, -5.132522365373253, 0.9476638864078186]]
[[66, 1.2517920443288133, -1.6952484827551557, -6.752948044850752, 1.3669860991818066], [68, 1.238804440739656, -4.623454218014969, -10.576013387717728, 1.3508595047346268], [69, 0.8542387745090474, -2.49348468577932, -5.343962469634933, 1.0252966595764585], [70, -2.3361956839397173, -2.8986297025300902, -5.783788142551526, 1.7511103071753449]]
[[66, 1.2517920443288133, -1.6952484827551557, -6.752948044850752, 1.3669860991818066], [68, 1.1668709304778835, -4.20230725640114, -4.921301630410982, 1.5047427969864753], [69, 0.8538064672605133, -2.288455509533971, -4.656302810264709, 1.1103371744231374], [70, -2.3148615461795075, -2.9812286008516753, -6.699234797206547, 1.7009675010799234]]
[[68, 1.077210889981033, -3.7442474221919007, -5.001993943850506, 1.9054205308017782], [69, 0.852552956274573, -2.080646829032203, -5.071839647090471, 1.231234543553552], [70, -2.2681830354061936, -3.042324891213547, -6.7007414386027735, 0.859466968059151]]
[[68, 1.1038306628983225, -3.628147396678192, -7.308043812302984, 1.6432119189916914], [69, 0.8500597153579089, -1.8797416526794406, -4.853575764669894, 1.3393998606992494], [70, -2.4642603978291207, -3.48557812149887, -9.48101919613013, 1.2343999310958238]]
[[68, 1.1757595354351122, -3.660143605108573, -10.62331526966917, 1.6802478659630953], [69, 0.944225222877611, -1.82649770794777, -8.123921170965948, 1.29246545570834], [70, -2.4400586192267895, -3.583572016474082, -6.06233880241835, 1.1888144451999243], [71, -1.806658995337056, -2.2319933390940725, -6.532485198775099, 1.6527193834312839]]
[[68, 1.1757595354351122, -3.660143605108573, -10.62331526966917, 1.6802478659630953], [69, 0.944225222877611, -1.82649770794777, -8.123921170965948, 1.29246545570834], [70, -2.4116488309688533, -3.6989280865624825, -7.516765382720013, 1.2750329541610688], [71, -1.9133556653020238, -2.5075692063314374, -6.8144087247581355, 1.9444034830369072]]
[[68, 1.1335911545580746, -3.341793336748224, -3.77268188010702, 2.051400784733112], [69, 0.944225222877611, -1.82649770794777, -8.123921170965948, 1.29246545570834], [70, -2.295527295363214, -3.652746752922222, -5.24522649961029, 1.3382700838594794], [71, -2.052719547286386, -2.8622113096471598, -7.299882128598557, 2.105806322598639]]
[[68, 1.2316745360972727, -3.324260292028935, -7.0450241140486, 1.5952812824359264], [70, -2.295527295363214, -3.652746752922222, -5.24522649961029, 1.3382700838594794], [71, -2.1263098592523004, -3.1256954422254717, -8.325421913374177, 2.1859254213366706]]
[[68, 1.235392754684878, -3.094699226869957, -5.131380304380427, 1.2532422351241599], [70, -2.295527295363214, -3.652746752922222, -5.24522649961029, 1.3382700838594794], [71, -2.097076261999934, -3.238023756304522, -5.968345278303258, 2.064981375300882]]
[[68, 1.2566429969507695, -2.9075595407739114, -7.410221623814151, 1.356828542769815], [71, -2.097076261999934, -3.238023756304522, -5.968345278303258, 2.064981375300882]]
[[68, 1.2320854017823264, -2.6705113846345907, -4.495016532440032, 1.5973357980755534], [71, -2.097076261999934, -3.238023756304522, -5.968345278303258, 2.064981375300882]]
[[68, 1.260864680629123, -2.532028878679803, -6.640059608005644, 1.3355497303357087]]
[[68, 1.2938100012504146, -2.4135000503048705, -6.589881646126024, 1.372789128362536]]
[[68, 1.3186721199752136, -2.2824652639493017, -6.1096136642269325, 1.2313720789266296]]
[[68, 1.3297268909987945, -2.1349011439273484, -6.26153922795362, 1.171040338353437]]
[[68, 1.2964729915200388, -1.9436038292095814, -6.583287654429415, 1.1061405481852609]]
[[68, 1.2842951198731913, -1.7903030323546645, -6.615363242391313, 1.1194689728797718]]
[[68, 1.2842951198731913, -1.7903030323546645, -6.615363242391313, 1.1194689728797718], [76, -1.4948515911967413, -2.295170627716798, -7.175084756675374, 1.360343666169701]]
[[68, 1.2842951198731913, -1.7903030323546645, -6.615363242391313, 1.1194689728797718], [76, -1.5746442791888535, -2.599466549224501, -6.042272918440337, 1.718505619561337]]
[[76, -1.5918408178437633, -2.812089170560709, -5.682441864144006, 1.795430980174634]]
[[76, -1.635839960175598, -3.090153649058049, -6.948319672499364, 1.950609444725087]]
[[76, -1.635839960175598, -3.090153649058049, -6.948319672499364, 1.950609444725087]]
[[76, -1.635839960175598, -3.090153649058049, -6.948319672499364, 1.950609444725087]]
[]
[[79, 1.0300324253845634, -3.7811817779109855, -6.8259848413861235, 1.7678846721452381]]
[[79, 1.1109300264659452, -3.8399514851676866, -7.723710487414601, 1.2236520747931114]]
[[79, 1.0808180219957046, -3.589293610938144, -4.093918375285952, 1.4260772423953403]]
[[79, 1.0263183577523542, -3.2960727954381777, -4.307643073073334, 1.5329200177419335], [81, 0.9421424536363001, -2.6225950700680474, -5.186488892691682, 1.0827475563160163]]
[[79, 0.973521046687738, -3.0129762564602434, -3.6745890514154884, 1.6970314544622802], [81, 1.004291945141599, -2.5767354078495552, -6.215540999663345, 0.9872702591749898]]
[[79, 1.0534387387360737, -3.024307784382586, -6.55157640466053, 1.4536036700911679], [81, 0.97546009942281, -2.3180416895561384, -4.176444687107022, 1.138108049233065], [82, 0.33593847405960353, -2.0186312094104295, -3.876239858060826, 0.8553903886361578]]
[[79, 1.1579836770557475, -3.0814751324983782, -6.03652650360591, 1.4907626277227057], [81, 0.9507812931443536, -2.064782540271194, -5.148304216114395, 1.27806227530672], [82, 0.38816465472307254, -1.9638737931705665, -4.7638784506071294, 0.9499262522362436]]
[[79, 1.1378122301024063, -2.8677029422723783, -3.978231619584441, 1.4566917174291645], [81, 1.0834873007934724, -2.0484687878965975, -8.803586424549287, 1.2892581541610106], [82, 0.38816465472307254, -1.9638737931705665, -4.7638784506071294, 0.9499262522362436]]
[[79, 1.2157178390357635, -2.8435426495695557, -6.475419538328586, 1.142248972190332], [81, 1.0834873007934724, -2.0484687878965975, -8.803586424549287, 1.2892581541610106], [82, 0.38816465472307254, -1.9638737931705665, -4.7638784506071294, 0.9499262522362436]]
[[79, 1.194673351974814, -2.6324304692806315, -3.8949117486864107, 1.0113036332141496], [81, 1.0834873007934724, -2.0484687878965975, -8.803586424549287, 1.2892581541610106]]
[[79, 1.2228051242000668, -2.509395335641419, -6.917252929762577, 1.077272724770734]]
[[79, 1.2079250671569364, -2.332366207029095, -6.112508752985698, 1.1583246821478643], [84, 0.7858415922384341, -2.5482031017496953, -3.603765149140173, 2.8183635383700656], [85, 2.1335276336585087, -2.7219694090023636, -5.8200435946432645, 0.9991210008437456]]
[[79, 1.2304760396983379, -2.204731082975739, -6.8419737133010425, 1.0377981727242906], [84, 0.7858415922384341, -2.5482031017496953, -3.603765149140173, 2.8183635383700656], [85, 2.1335276336585087, -2.7219694090023636, -5.8200435946432645, 0.9991210008437456]]
[[79, 1.1941092826047517, -2.014684962874729, -6.5506196216979955, 1.2000463789699236], [84, 0.8715856672476514, -2.503890851675127, -7.3647008082219605, 2.2505123959479003], [85, 2.048945906746332, -2.5015341162781977, -2.563307098575156, 1.2338265423005197]]
[[79, 1.1526291571293894, -1.8242451617014228, -6.732957268590845, 1.1870851836312368], [84, 0.9481201764958735, -2.43047252702664, -6.834877854254938, 1.6487545336125813], [85, 2.048945906746332, -2.5015341162781977, -2.563307098575156, 1.2338265423005197]]
[[79, 1.1130819474592974, -1.6472177012752436, -7.171938534937755, 1.2606757321168665], [84, 0.9211579328731989, -2.1696898292016114, -3.7747585826097336, 1.4621642388047078], [85, 2.048945906746332, -2.5015341162781977, -2.563307098575156, 1.2338265423005197], [87, 1.3405006712357996, -3.1887061015250064, -4.438143831207469, 1.0562480118675202], [88, -1.2176013458506894, -2.2109736882255877, -6.415939598398539, 1.0489985708629708]]
[[79, 1.1103518840915592, -1.534514757458434, -7.033256486066123, 1.164616847589702], [84, 0.8942944109394834, -1.9171642764377024, -4.383256467848541, 1.3922110544633708], [87, 1.3132909453022181, -2.972383635245305, -4.605414393536311, 1.0417403610365112], [88, -1.2271821602230766, -2.4077689875811252, -5.609871888004018, 1.2134549211755266]]
[[79, 1.1103518840915592, -1.534514757458434, -7.033256486066123, 1.164616847589702], [84, 0.9384570861095136, -1.7865232171963024, -6.487981206488485, 1.2256715952801134], [87, 1.266714576861031, -2.72543781784974, -4.565840771715505, 1.1714964474145662], [88, -1.2512368571018255, -2.6489509085149905, -5.294514754308944, 1.4663279538901304], [89, -1.6353204048482326, -2.3845552012982436, -7.118426567056238, 2.021301314736724]]
[[79, 1.1103518840915592, -1.534514757458434, -7.033256486066123, 1.164616847589702], [84, 0.9384570861095136, -1.7865232171963024, -6.487981206488485, 1.2256715952801134], [87, 1.2196835105641322, -2.46805477614769, -4.4308693550803575, 1.439648763594765], [88, -1.2519899713422844, -2.8701666511859907, -4.655260642494508, 1.5974773872781782], [89, -1.607897636401515, -2.467401938166206, -4.386060812655122, 1.7956367268327746], [90, 0.786679938182662, -2.582438151053628, -4.5471617661133035, 1.0063047650372108]]
[[84, 0.9384570861095136, -1.7865232171963024, -6.487981206488485, 1.2256715952801134], [87, 1.1682729516640395, -2.213902142684783, -4.008078955182916, 1.7081306049387284], [88, -1.2519899713422844, -2.8701666511859907, -4.655260642494508, 1.5974773872781782], [89, -1.7328968024465783, -2.8694714808505575, -7.414176028672756, 2.0520244830696477], [90, 0.7793407998838828, -2.3856004263512753, -4.474677093421696, 1.1394191731585217]]
[[87, 1.1136096786278444, -1.9705601074815335, -3.852455476379859, 1.787785216580429], [88, -1.2519899713422844, -2.8701666511859907, -4.655260642494508, 1.5974773872781782], [89, -1.6904790448255635, -2.9582927650443436, -4.977371827361735, 1.5812707103860604], [90, 0.8422841695842318, -2.3408908387124163, -7.234105525942588, 0.9892565924736261]]
[[87, 1.065657697786977, -1.754297907064005, -4.139005877119046, 1.7907711824123111], [89, -1.6129269553562933, -2.970798383277559, -4.363037338948512, 1.5239334448670028], [90, 0.8841355053246631, -2.2640408712193123, -7.363652979244229, 0.9704887742994035]]
[[87, 1.0431337089446042, -1.58870477656113, -4.815132677699999, 1.6741356314289564], [89, -1.6129269553562933, -2.970798383277559, -4.363037338948512, 1.5239334448670028], [90, 0.9123897691775207, -2.1385981216018255, -6.311039324253797, 0.9845689813803556]]
[[87, 1.1275341888128374, -1.5570311416054656, -6.5390744038569375, 1.4269259281047972], [89, -1.6129269553562933, -2.970798383277559, -4.363037338948512, 1.5239334448670028], [90, 0.9097446835562775, -1.9530864010883517, -6.223749955883801, 0.9813657995578462]]
[[87, 1.1275341888128374, -1.5570311416054656, -6.5390744038569375, 1.4269259281047972], [90, 0.9032616064295466, -1.7624117094211718, -5.633599630166057, 0.9717138984886798], [92, 1.3963638902464344, -2.848207541366368, -8.012331049258142, 1.0580375399483692]]
[[87, 1.1275341888128374, -1.5570311416054656, -6.5390744038569375, 1.4269259281047972], [90, 0.9032616064295466, -1.7624117094211718, -5.633599630166057, 0.9717138984886798], [92, 1.5195492402469468, -2.9563922975284966, -5.813733432421422, 1.235859667586718], [94, 1.1029325045376495, -3.092463039107092, -4.6011687610079886, 0.5033298864522129]]
[[90, 0.9032616064295466, -1.7624117094211718, -5.633599630166057, 0.9717138984886798], [92, 1.5613736681361114, -2.899540051474198, -5.558504284935839, 1.1108930879438952], [94, 1.1396153189246117, -3.051453080556583, -5.138946580707158, 0.495241658385177]]
[[92, 1.5561388906857707, -2.7662884771056184, -6.283331779432256, 1.236803528313126], [94, 1.1466949826423256, -2.93822626436031, -4.251694902738864, 0.5472405370387846], [95, -1.6781551485839208, -2.577541880199006, -5.83058563664425, 3.8233583962207547]]
[[92, 1.5978848082722288, -2.6805906467312317, -5.306137995531522, 1.2791176741454706], [94, 1.3460015955790285, -3.2228460200207425, -9.08239772713219, 0.8908550143973908], [95, -1.564810496291375, -2.65748365545209, -6.342948045297601, 2.968045158163131]]
[[92, 1.6172806305125025, -2.5564308579725386, -5.453268224642336, 0.8568444647343915], [94, 1.3838775311231175, -3.1444201239924707, -5.481189038289123, 0.9488989268333693], [95, -1.4969467624857913, -2.834436396483143, -6.444487417788154, 2.131199471076276]]
[[92, 1.722787024639754, -2.528949178185301, -5.891525346210478, 0.7769680128507345], [94, 1.3341381466458146, -2.889431301362575, -4.5260003530983, 1.2504721250834645], [95, -1.4969467624857913, -2.834436396483143, -6.444487417788154, 2.131199471076276]]
[[92, 1.6424241220434517, -2.304078087025525, -5.24156280335786, 1.0230860452071584], [94, 1.2584637215534802, -2.589856165746532, -4.972419427324349, 1.622502972731379], [95, -1.4969467624857913, -2.834436396483143, -6.444487417788154, 2.131199471076276]]
[[92, 1.6424241220434517, -2.304078087025525, -5.24156280335786, 1.0230860452071584], [94, 1.3276019884825943, -2.5245285137783378, -7.668071358148838, 1.5940068392383264], [97, 0.9500756028459865, -3.416436994120838, -4.594520138480776, 0.3518590461241899]]
[[92, 1.6639258416768627, -2.1907846945325793, -8.525608284184209, 0.9974532246482151], [94, 1.4353608800438762, -2.519872210475423, -8.306194797750742, 1.256388341105676], [97, 0.9509182409117378, -3.3018607169398644, -4.779185200489689, 0.49762277023234824]]
[[92, 1.5286523405823087, -1.930137398797871, -3.328395473785949, 1.2806913700831557], [94, 1.3734659332859145, -2.284701503031666, -4.734086081922355, 1.4772134659729785], [97, 1.002442006682922, -3.304185223631668, -5.763661899228926, 0.4586552800897591]]
[[92, 1.427092351939287, -1.729014838116935, -2.544368208158372, 1.4280997649339473], [94, 1.2646403505519836, -1.9981149923916566, -4.610977454631238, 1.5432009040061387], [97, 1.0034524946118135, -3.1730267940279817, -4.786329187156505, 0.6076044898836587]]
[[92, 1.427092351939287, -1.729014838116935, -2.544368208158372, 1.4280997649339473], [94, 1.1898384742417742, -1.7680798499989638, -5.154000050144799, 1.4448827395204222], [97, 0.9942396609229537, -3.0139656549342355, -4.464967936220303, 0.7824064964005165], [101, -1.233189510287387, -2.4032557783563657, -5.603467418184714, 1.3484157939228019]]
[[92, 1.427092351939287, -1.729014838116935, -2.544368208158372, 1.4280997649339473], [94, 1.2437987788662672, -1.701230640154314, -7.713920581419351, 1.4342491751521664], [97, 0.9578500794178284, -2.7953018167085792, -3.6469592060882774, 0.9922077025854643], [101, -1.2748144923815536, -2.6908947365146147, -5.7436451620844915, 1.6071025420969243]]
[[94, 1.2437987788662672, -1.701230640154314, -7.713920581419351, 1.4342491751521664], [97, 0.9411533752491759, -2.617647016853882, -3.768071721874684, 1.0835488069017014], [101, -1.2748144923815536, -2.6908947365146147, -5.7436451620844915, 1.6071025420969243]]
[[94, 1.2437987788662672, -1.701230640154314, -7.713920581419351, 1.4342491751521664], [97, 0.9710601385108149, -2.5472461243813473, -4.731999740389905, 1.121341332773771], [101, -1.2748144923815536, -2.6908947365146147, -5.7436451620844915, 1.6071025420969243]]
[[97, 0.9710601385108149, -2.5472461243813473, -4.731999740389905, 1.121341332773771]]
[[97, 0.9710601385108149, -2.5472461243813473, -4.731999740389905, 1.121341332773771]]
[[97, 1.0278238893092746, -2.4848945207142905, -4.043161053568249, 1.049926643523745], [104, 1.1124665415407955, -3.977785309932785, -3.6188394364827916, 1.7532154008758158]]
[[97, 1.1463372013143596, -2.531444354440988, -5.488026188055339, 0.9949295805308506], [104, 1.0323048750649446, -3.579377369012411, -3.5980277435365045, 1.9237028489876944], [107, -0.8140785991813717, -2.1062370951802922, -4.972077248789773, 0.7289753548540429]]
[[97, 1.300641705348192, -2.631140471934065, -6.253990843001216, 0.9323271450095053], [104, 0.9933358367632608, -3.3161558127470974, -4.5437396516078605, 1.8270710924091484], [107, -0.7936657127500676, -2.2529038366502343, -4.016600912790486, 0.8445023680612922], [110, -1.379615260919097, -2.2874985639004026, -10.511233211688026, 1.6357534983932696], [112, 0.4561466450459043, -2.5222592662242285, -6.5051780229451746, 0.8013370521218091]]
[[97, 1.4176440210756462, -2.669621190831383, -5.831246687526046, 0.8482428590638096], [104, 0.9746056143994137, -3.131834700025458, -5.009932608636922, 2.05520991573896], [107, -0.7936657127500676, -2.2529038366502343, -4.016600912790486, 0.8445023680612922], [110, -1.379615260919097, -2.2874985639004026, -10.511233211688026, 1.6357534983932696], [112, 0.4561466450459043, -2.5222592662242285, -6.5051780229451746, 0.8013370521218091]]
[[97, 1.5281393788184325, -2.69662814271289, -6.547687424424392, 0.9015179724625462], [104, 0.9987113380750505, -3.0709951482143305, -6.246984458661952, 1.6832927223538807], [107, -0.7594893475726141, -2.331746312208454, -4.312441446119325, 0.9118678851851152], [110, -1.3754601426911777, -2.4953645980005508, -6.222588641241967, 1.5465994821579856], [112, 0.4561466450459043, -2.5222592662242285, -6.5051780229451746, 0.8013370521218091]]
[[97, 1.5471579069272656, -2.577437222156769, -5.4812246987969, 0.951682697308039], [104, 1.0820711720992735, -3.140813188211391, -7.555049116198793, 1.462654457738465], [107, -0.7594893475726141, -2.331746312208454, -4.312441446119325, 0.9118678851851152], [110, -1.4102207808926106, -2.849028205591356, -7.870510856184679, 1.706597348849303]]
[[97, 1.5694820669456195, -2.4611258784361443, -5.883939170253544, 0.9405694114432308], [104, 1.168594398566732, -3.205131147414521, -8.025800153433185, 1.0446700829385933], [107, -0.7594893475726141, -2.331746312208454, -4.312441446119325, 0.9118678851851152], [110, -1.4102207808926106, -2.849028205591356, -7.870510856184679, 1.706597348849303]]
[[97, 1.5207483072388883, -2.25762197202258, -4.7978487514769785, 0.9791895657570657], [104, 1.2275266559678732, -3.2111537376749615, -8.004572733643782, 0.7493296179245927], [110, -1.4102207808926106, -2.849028205591356, -7.870510856184679, 1.706597348849303], [116, -0.980749730819338, -2.52148803081245, -4.841830652990014, 1.3154435747326318]]
[[97, 1.44940408102175, -2.042026129511479, -4.7732572928569885, 1.1218277190093051], [104, 1.281100354480658, -3.205064307165184, -6.2300834962173495, 0.5617726913924186], [116, -0.9475935628589097, -2.6788727126989444, -5.090830541925585, 1.161052526006552]]
[[97, 1.39470043793614, -1.8612602225740065, -5.280255816338867, 1.217761448339358], [104, 1.4660831516930186, -3.48134615675826, -9.7957836095219, 0.925839978422978], [116, -0.9038988511010942, -2.788615838441107, -5.229573277673053, 1.0812114208094254]]
[[97, 1.3880509330503903, -1.7499255515018266, -5.366157467152367, 1.2023971148438064], [104, 1.4675855957302002, -3.3876784981930976, -4.537407782667474, 0.9025351249979009], [116, -0.8359522882305437, -2.7676060545207504, -4.014392832506211, 0.7737968816388783], [118, -2.070378284042187, -2.998163162839848, -6.302233883479745, 1.2947981868789173], [119, 1.3608650293710804, -2.6632237585396616, -5.634549050553486, 0.544985709266375]]
[[97, 1.3880509330503903, -1.7499255515018266, -5.366157467152367, 1.2023971148438064], [104, 1.645082928969463, -3.6586111369727567, -7.813779751983419, 1.2081137223102727], [116, -0.8006488582571792, -2.8491321346990928, -5.348656013752873, 0.7665583187561513], [118, -2.028920513749358, -3.086279067420071, -5.901845235668, 1.0412141767660086], [119, 1.369687398411067, -2.5333011116496764, -5.140451160148044, 0.7019956298459915]]
[[97, 1.3880509330503903, -1.7499255515018266, -5.366157467152367, 1.2023971148438064], [104, 1.7381739235669937, -3.700600669576195, -7.654594061115362, 1.2672639030126267], [116, -0.8006488582571792, -2.8491321346990928, -5.348656013752873, 0.7665583187561513], [118, -2.030251030170841, -3.2590592773151634, -6.438869161630154, 0.9788383766286758], [119, 1.3769086407094742, -2.404448706998574, -5.4324010126646405, 0.8078674773674883], [121, -1.4522260651907275, -1.9907032654095698, -4.5938204207170985, 0.5742804451639195]]
[[104, 1.8350011952856748, -3.733098309464658, -7.904828816359327, 1.3346077732420587], [116, -0.8006488582571792, -2.8491321346990928, -5.348656013752873, 0.7665583187561513], [118, -2.030251030170841, -3.2590592773151634, -6.438869161630154, 0.9788383766286758], [119, 1.432667904796237, -2.33066686443909, -6.207901971558973, 0.8139655353024798], [120, 0.8530767188551616, -4.381609152585991, -6.170817986861159, 0.5816908753555751], [121, -1.4472105936598594, -2.090051389434997, -4.343258820869932, 0.5594499939934614]]
[[104, 1.8027074832730519, -3.5009939386076647, -5.618686452406516, 1.2105298729843705], [118, -2.030251030170841, -3.2590592773151634, -6.438869161630154, 0.9788383766286758], [119, 1.415315592937182, -2.1614868918017365, -5.119395634576434, 0.8823070470283509], [120, 0.8606929452607854, -4.176536425549241, -5.856257950751114, 0.8562768607890104], [121, -1.4428906211591426, -2.2224031115164316, -4.768228720406391, 0.6865193495971036]]
[[104, 1.6928168735516498, -3.155572963041653, -5.09866232366186, 1.5956158328246732], [119, 1.3707163867004706, -1.9740560710446375, -5.50608793144193, 1.0129433053279802], [120, 0.85590080869875, -3.9455173825926946, -5.393482015024223, 1.0822917000559218], [121, -1.418619668713721, -2.321330957494196, -4.05518765451677, 0.7662577529137228], [124, -1.1846844868382913, -2.4275657265241852, -6.871285637170017, 1.3165060185807325]]
[[104, 1.5954995334136273, -2.8562681786037443, -5.127690144583837, 1.5835720984646762], [119, 1.4093153640545546, -1.8859671728769722, -7.811811919162688, 0.9650615507599308], [120, 0.8467704653725253, -3.6941019130421315, -5.133442648443653, 1.3455484303632195], [121, -1.4917439633320209, -2.6427163725794474, -7.462142848939209, 1.0822672421095783], [124, -1.1896837666104252, -2.6034182787350577, -5.234399820440848, 1.4420729351591006]]
[[104, 1.6364487181410072, -2.753374807113794, -8.848697515759675, 1.596644307608803], [119, 1.6187540350765453, -1.9980269860107704, -7.627915657493958, 1.1204199786177325], [120, 0.7877301189335535, -3.2822261259594105, -4.018749281527532, 1.794091676657608], [121, -1.622315072603085, -3.100558898028983, -9.26276894852127, 1.6176064186710382], [124, -1.193080615843532, -2.765834029528626, -8.338592088503503, 1.4480303164488706], [125, 2.1328555863815084, -2.9019564014179458, -5.631049799676429, 1.2954023994596615]]
[[104, 1.5259685498430546, -2.457171865167247, -4.366928141251196, 1.8995778877579244], [119, 1.6187540350765453, -1.9980269860107704, -7.627915657493958, 1.1204199786177325], [120, 0.8118348683805101, -3.1792683751874513, -7.3204149096388615, 1.7194157272656274], [121, -1.5450859941129973, -3.080905840120831, -4.503695831786373, 1.5909495562765728], [124, -1.3059317160250798, -3.0536848720647827, -7.5061597196439545, 1.6537584962352139], [125, 2.1328555863815084, -2.9019564014179458, -5.631049799676429, 1.2954023994596615]]
[[104, 1.5170905767762668, -2.304008517586839, -7.474207044916155, 1.7818767248180987], [119, 1.6187540350765453, -1.9980269860107704, -7.627915657493958, 1.1204199786177325], [120, 0.9115913538200274, -3.276047749118559, -7.052460246779704, 1.6229016894526622], [121, -1.3995779173824057, -2.9267122731136004, -5.376461939432973, 1.7017105310799274], [124, -1.3059317160250798, -3.0536848720647827, -7.5061597196439545, 1.6537584962352139], [125, 2.1328555863815084, -2.9019564014179458, -5.631049799676429, 1.2954023994596615], [126, -1.379990744016852, -2.025429874288612, -6.523735223933517, 0.9078342755336504], [127, 1.2976488901499148, -2.869944468264162, -4.772983428606408, 0.6508519239672867]]
[[104, 1.3862326618368221, -2.01329539798734, -4.046171242778765, 1.7265374998638474], [120, 0.9717114754709144, -3.2772413839541366, -5.863908560654895, 1.3810887541000896], [121, -1.4025138579836902, -3.146095622124327, -8.538508310304083, 1.8735239262972463], [124, -1.3059317160250798, -3.0536848720647827, -7.5061597196439545, 1.6537584962352139], [125, 1.9751603169531011, -2.5998346545903384, -6.743618737964608, 1.5422908949718024], [126, -1.434582611619562, -2.2597133886214498, -7.094449409117999, 1.2265346707974536], [127, 1.3069053793452077, -2.742162772995422, -4.920815876207327, 0.6811603998200133]]
[[104, 1.3111463080791657, -1.8042857348690164, -5.850623212237822, 1.6024664770252008], [120, 0.9861257541632686, -3.1710183459351664, -5.296277531961721, 1.1799113070174616], [121, -1.4677290975935413, -3.531254523983808, -11.068032361322071, 1.9728207994025606], [124, -1.2821222000104395, -3.0953680947458104, -6.640819416793244, 1.4146039188874107], [125, 1.9751603169531011, -2.5998346545903384, -6.743618737964608, 1.5422908949718024], [126, -1.4417629232665576, -2.4313890287152677, -5.04557701418516, 1.3581134536514234], [127, 1.325536568909173, -2.6246351435457296, -5.388296134756168, 0.741812185573355]]
[[104, 1.2030823483241602, -1.5774782164998533, -3.742979816100305, 1.802020635867779], [120, 0.9518859659609926, -2.9506533490987, -6.493753467091431, 0.9049196447409923], [121, -1.3844586979247873, -3.4876634651766434, -5.75514477643599, 1.429058337520193], [124, -1.2821222000104395, -3.0953680947458104, -6.640819416793244, 1.4146039188874107], [125, 1.833838238696252, -2.321335125127977, -6.238299693500508, 1.8614181260191536], [126, -1.5105099925163137, -2.763549154845973, -7.3983047722308415, 1.646898258454387], [127, 1.354663954242157, -2.5002657007685247, -5.000120935229817, 0.7837762566771665]]
[[104, 1.2279915684594356, -1.514387302551765, -4.283577214275882, 1.4542369601318987], [120, 0.9528635652953337, -2.756172313364567, -4.202781831697922, 1.0364476307946382], [121, -1.3161261487056604, -3.5913881762192146, -10.741513272408692, 1.49592405525425], [124, -1.2821222000104395, -3.0953680947458104, -6.640819416793244, 1.4146039188874107], [125, 1.6112362419115767, -1.9789880116853378, -2.5701463285655293, 2.2729884279050188], [126, -1.5351989655476999, -3.0173337594647585, -6.1689304222684465, 1.7729435529141704], [127, 1.3440447901661945, -2.318398748284904, -5.159523037826486, 0.9081624850340845]]
[[104, 1.2279915684594356, -1.514387302551765, -4.283577214275882, 1.4542369601318987], [120, 1.006449250425315, -2.681621040404502, -4.274022833271848, 0.972786798396599], [121, -1.3161261487056604, -3.5913881762192146, -10.741513272408692, 1.49592405525425], [125, 1.6112362419115767, -1.9789880116853378, -2.5701463285655293, 2.2729884279050188], [126, -1.5351989655476999, -3.0173337594647585, -6.1689304222684465, 1.7729435529141704], [127, 1.3265119910072558, -2.1431197650712557, -5.3898486220977135, 1.0569799460110136]]
[[104, 1.2279915684594356, -1.514387302551765, -4.283577214275882, 1.4542369601318987], [120, 1.0289595635827355, -2.5404143323314528, -3.652405103740322, 1.0979562263876352], [121, -1.3161261487056604, -3.5913881762192146, -10.741513272408692, 1.49592405525425], [125, 1.6112362419115767, -1.9789880116853378, -2.5701463285655293, 2.2729884279050188], [126, -1.5351989655476999, -3.0173337594647585, -6.1689304222684465, 1.7729435529141704], [127, 1.2795677049960703, -1.9434529408791208, -4.964971611819625, 1.1761105915372017]]
[[120, 1.1396883782477025, -2.57118473787447, -5.303631846404033, 1.1129670585159246], [127, 1.2343960978488249, -1.759924964313032, -5.538043315647818, 1.2838988176317354]]
[[120, 1.164854923395307, -2.472218897601208, -5.567274881943792, 0.947619166979775], [127, 1.3052761848965968, -1.7193631973715924, -7.42692309277082, 1.2236074103870387]]
[[120, 1.1209167390948525, -2.2752175038174567, -6.131146148754339, 0.9666952948613783], [127, 1.3052761848965968, -1.7193631973715924, -7.42692309277082, 1.2236074103870387]]
[[120, 1.0782265391511583, -2.0870813181028707, -5.811062963215024, 1.116757006159548], [127, 1.3052761848965968, -1.7193631973715924, -7.42692309277082, 1.2236074103870387]]
[[120, 0.9980864985427846, -1.8477480408373528, -5.513110243172013, 1.2754086683849208]]
[[120, 0.9284275028547597, -1.6300449183167036, -6.227771944130584, 1.4378448040152878]]
[[120, 0.9284275028547597, -1.6300449183167036, -6.227771944130584, 1.4378448040152878], [128, 0.7973680491343298, -2.9259297938768083, -6.328546590451691, 0.7795080464492337], [129, -1.525275401980698, -1.9936210690891558, -5.746277186772974, 0.8098905905048147]]
[[120, 0.9284275028547597, -1.6300449183167036, -6.227771944130584, 1.4378448040152878], [128, 0.8236924836287878, -3.0288922488519834, -6.896668931553702, 0.8744120001339942], [129, -1.5802581549322268, -2.219719970511097, -5.978785755506956, 0.9565285498269788], [130, 1.0893290736275696, -2.741378172768713, -6.819110361227026, 0.6992120024548658]]
[[128, 0.884975972911975, -3.2498647554334363, -7.724088607364366, 1.0981233012162397], [129, -1.668850812485099, -2.52454742195668, -7.5665910026082335, 1.3319912533909732], [130, 1.0634520554796223, -2.5596637422954926, -4.387663396093894, 0.8579419368512943]]
[[128, 0.9349819569678064, -3.3885173431715643, -6.727870716731066, 1.1859174588844297], [129, -1.6982860005174922, -2.739283798865574, -5.8367316379312655, 1.5501649889501574], [130, 1.0344408821049274, -2.3581618531619544, -4.289973452781956, 1.0234666768063392], [131, 0.4317318806106792, -2.2697094351645526, -4.653147603263421, 0.8189642560579374]]
[[128, 0.9620798724612516, -3.4267828429512064, -6.412233918470961, 0.980661058943341], [129, -1.6982860005174922, -2.739283798865574, -5.8367316379312655, 1.5501649889501574], [130, 0.9945021226595392, -2.1433120833479955, -4.4306851960410265, 1.1854564243631618], [131, 0.43834222378907006, -2.0549798567394086, -4.422198110804151, 0.9781805514512192]]
[[128, 0.948361666040159, -3.3184864556057865, -5.228133925357506, 0.9342586519218152], [129, -1.6833345514791158, -2.9160082528412934, -5.709971611949738, 1.6200601597275615], [130, 0.941089698087666, -1.9147579761780753, -3.947440230849936, 1.350560982791656], [131, 0.4849661294510292, -1.978015160847741, -4.437320764772997, 0.9906742420423388]]
[[128, 0.9302412857637825, -3.1725092920911617, -4.2057347727873395, 0.9938276791419758], [129, -1.7139044709494367, -3.178221409924805, -6.283292203848292, 1.765852815668978], [130, 0.9002153590420308, -1.7192066711647556, -4.08441212793916, 1.5236163898687203], [131, 0.4849661294510292, -1.978015160847741, -4.437320764772997, 0.9906742420423388], [132, 1.1785329242195877, -2.8099957097592956, -4.673050249769748, 0.7988785303103583]]
[[128, 0.9890705208487804, -3.2364925727295706, -6.223102514568762, 0.7855164987839967], [129, -1.7139044709494367, -3.178221409924805, -6.283292203848292, 1.765852815668978], [130, 0.8706329297777645, -1.549654786418961, -4.80943927586206, 1.5052149767851506], [131, 0.4849661294510292, -1.978015160847741, -4.437320764772997, 0.9906742420423388], [132, 1.1701063554651139, -2.651404393535879, -4.054441359543223, 0.9693876205939113]]
[[128, 1.0861988700282228, -3.383895661998425, -6.927436157879573, 0.827946734871038], [129, -1.7139044709494367, -3.178221409924805, -6.283292203848292, 1.765852815668978], [130, 0.9557215928238746, -1.5322350664534938, -7.885802167569371, 1.335241291991173], [132, 1.1673665382608, -2.4936298254401477, -5.00035875005314, 1.045554918123043]]
[[128, 1.1344940512098596, -3.400518704888504, -5.91955449452308, 0.833625812969691], [130, 0.9557215928238746, -1.5322350664534938, -7.885802167569371, 1.335241291991173], [132, 1.2195994953537723, -2.42390139344789, -6.500790275002879, 0.9985051416424409]]
[[128, 1.1523566715987232, -3.328476658384104, -5.675198805399279, 0.7817640273653568], [130, 0.9557215928238746, -1.5322350664534938, -7.885802167569371, 1.335241291991173], [132, 1.3713075014554006, -2.5079400193746797, -7.720902980438542, 1.0700609097041291]]
[[128, 1.1392402626954692, -3.155441469726062, -4.921577931646693, 0.8253905630347852], [132, 1.3438620916256907, -2.3176812245596663, -5.029032374714093, 1.1291043856899214], [133, -1.804915556809175, -2.6262485125135537, -9.605373891978033, 2.1881756136790393]]
[[128, 1.125724737452083, -2.978005217592776, -5.386888912426237, 0.9594998289455591], [132, 1.2684126653071686, -2.0673677851162444, -4.99712599118466, 1.2811164407599496], [133, -1.9851530407988984, -3.090293467794143, -9.59082924123366, 2.898722437574267], [134, -1.5632209625082747, -1.911674224092176, -6.094306805562801, 0.7638441567202974]]
[[128, 1.1085605914260843, -2.8039626478516224, -4.608208680199583, 0.9586655190615474], [132, 1.1897220063608143, -1.8253676997908292, -5.511620300036692, 1.4241587810951295], [133, -2.077969762417551, -3.411802937657927, -8.159735582717571, 3.3130861413447112], [134, -1.5986086122006342, -2.0517010731779806, -6.257008295006086, 0.8752139768257561]]
[[128, 1.1110569433735957, -2.669427175481072, -4.902135721156062, 1.0821722441956416], [132, 1.1471482402946886, -1.6435454938246545, -6.400205222360648, 1.571871701350089], [133, -2.077969762417551, -3.411802937657927, -8.159735582717571, 3.3130861413447112], [134, -1.6552250697642352, -2.2307727835076445, -5.424689502255534, 1.0454912638787353]]
[[128, 1.1223350689642437, -2.5463964424133083, -5.067186377979919, 1.155415438280879], [132, 1.1471482402946886, -1.6435454938246545, -6.400205222360648, 1.571871701350089], [133, -2.1483019470752653, -3.79680478982565, -8.988385580181538, 3.67556751238565], [134, -1.696920496212562, -2.397810230858431, -4.532277577050019, 1.1620320402050748]]
[[128, 1.122216015063485, -2.4067339490114676, -5.165962186064318, 1.1032650236076367], [132, 1.1471482402946886, -1.6435454938246545, -6.400205222360648, 1.571871701350089], [133, -2.1483019470752653, -3.79680478982565, -8.988385580181538, 3.67556751238565], [134, -1.696920496212562, -2.397810230858431, -4.532277577050019, 1.1620320402050748]]
[[128, 1.109922809679915, -2.2593896593461644, -4.905831253020902, 1.064176839420525], [133, -2.1483019470752653, -3.79680478982565, -8.988385580181538, 3.67556751238565], [134, -1.7551696053281822, -2.633081887276744, -5.4719977512415525, 1.3105892832192072]]
[[128, 1.200333098534087, -2.2664035936784797, -7.638756961595122, 0.9402226906775641], [133, -2.1168814870821486, -3.966715347836606, -11.512527012133223, 3.1256161518236434], [134, -1.8331886628328196, -2.932047187779938, -5.705025119201514, 1.5554300989674197]]
[[128, 1.1623673287019791, -2.0781885675198812, -4.81600123508308, 1.0197059612490231], [133, -2.1168814870821486, -3.966715347836606, -11.512527012133223, 3.1256161518236434], [134, -1.8331886628328196, -2.932047187779938, -5.705025119201514, 1.5554300989674197]]
[[128, 1.0911612966484399, -1.850563247027155, -4.279735920556619, 1.1832394463520945], [133, -2.0506502461256946, -3.969539299007146, -6.776615885971933, 2.1449177640483126], [134, -1.8331886628328196, -2.932047187779938, -5.705025119201514, 1.5554300989674197]]
[[128, 1.038605970240721, -1.6583966727756467, -5.0289704541741855, 1.2652106605364082], [133, -1.990031217727842, -3.958982856139838, -6.2940795690562465, 1.5070302283860506], [138, -1.4700076692901123, -1.981888768452282, -4.333757321181886, 3.5387280177999982]]
[[128, 0.9937220080993873, -1.4883860889664764, -4.813113343804245, 1.2963660657141034], [133, -1.990031217727842, -3.958982856139838, -6.2940795690562465, 1.5070302283860506], [138, -1.3309920451264992, -1.9619549504518294, -4.018828725223903, 2.8981968406485255], [139, 2.017894159884262, -2.803761296409226, -6.7413885830080735, 0.7727734795540074], [140, -2.540754018871516, -3.5312575699101716, -6.578170929519657, 0.7714754292261462]]
[[128, 0.995400294010325, -1.3859445209657626, -5.943281298834641, 1.3117911697801188], [133, -1.990031217727842, -3.958982856139838, -6.2940795690562465, 1.5070302283860506], [138, -1.259741356058071, -2.0544537261226994, -4.244694780974123, 2.2631054329961158], [139, 1.981369667650232, -2.6444532849634323, -5.4958986976164015, 0.631161678946216], [140, -2.491297665270291, -3.5847740165615702, -7.632355190826047, 0.7851666602904921]]
[[128, 1.1131696353923535, -1.4241738395974455, -6.841689253811872, 1.2047229094403336], [133, -2.0196261796422093, -4.205138749818433, -7.549831662802229, 1.3579957995931076], [138, -1.1994845761771844, -2.1463716738208443, -4.339370735709033, 1.5674034869771147], [139, 2.100196388322667, -2.657895502107116, -9.166098960925416, 0.7321131921553873], [140, -2.491297665270291, -3.5847740165615702, -7.632355190826047, 0.7851666602904921]]
[[128, 1.1131696353923535, -1.4241738395974455, -6.841689253811872, 1.2047229094403336], [133, -2.081092265889203, -4.660245481508715, -14.40895199676631, 1.4370595716507606], [138, -1.2972981022736312, -2.6147498772720636, -8.369774059792336, 1.6039661542901325], [139, 2.0366730959239843, -2.478984838273271, -5.5094480204453795, 0.8973308828324246], [140, -2.426545327481242, -3.6729747644119186, -6.827904512589973, 0.7052718943124162]]
[[128, 1.1131696353923535, -1.4241738395974455, -6.841689253811872, 1.2047229094403336], [133, -2.1425290558962713, -5.117833659826275, -14.192964839843187, 1.8417450292234885], [138, -1.27836807406621, -2.8063185650696543, -5.083849457504934, 1.4806516809723242], [139, 2.0366730959239843, -2.478984838273271, -5.5094480204453795, 0.8973308828324246], [140, -2.426545327481242, -3.6729747644119186, -6.827904512589973, 0.7052718943124162]]
[[133, -2.1425290558962713, -5.117833659826275, -14.192964839843187, 1.8417450292234885], [138, -1.27836807406621, -2.8063185650696543, -5.083849457504934, 1.4806516809723242], [139, 2.0366730959239843, -2.478984838273271, -5.5094480204453795, 0.8973308828324246], [140, -2.426545327481242, -3.6729747644119186, -6.827904512589973, 0.7052718943124162]]
[[133, -2.1425290558962713, -5.117833659826275, -14.192964839843187, 1.8417450292234885], [138, -1.27836807406621, -2.8063185650696543, -5.083849457504934, 1.4806516809723242], [139, 1.9449894808306976, -2.2844229026722536, -2.92611294756933, 1.1064133574104464], [141, 1.0627823140470791, -3.314702109696692, -5.532320347688884, 0.5898751196090009]]
[[139, 1.9449894808306976, -2.2844229026722536, -2.92611294756933, 1.1064133574104464], [141, 1.0895083483423675, -3.180603402611318, -5.2958450675515385, 0.7661155195551241]]
[[139, 1.9449894808306976, -2.2844229026722536, -2.92611294756933, 1.1064133574104464], [141, 1.0667140201263923, -2.938576670092788, -3.654806936091517, 0.9636236051563609], [144, 2.210944551082235, -3.5677155682404873, -9.476344802140735, 1.4349772198017317], [146, -1.6640016876673132, -2.3320612955882343, -7.1384770718161255, 1.1365641913477527]]
[[141, 1.0862919638679582, -2.782759181813815, -5.133161855663424, 1.0651531534241367], [144, 2.226787930337798, -3.427058485058501, -5.801360385120496, 1.4947906293524724], [146, -1.6258711599461266, -2.4127101924524803, -4.740887780204191, 1.216847172927088]]
[[141, 1.1864855428394447, -2.7758546161980173, -5.064715619547775, 1.151492205481302], [144, 2.4096827422276674, -3.4983976798250462, -9.78123282211766, 1.6196524843071807], [146, -1.7349681470307505, -2.7804872488402745, -7.60633056746289, 1.6530960028723354], [147, -2.3792257388927007, -3.092315037510083, -5.4952248311560075, 1.3153006156803588]]
[[141, 1.3635379428270866, -2.9044154537976343, -5.829058995921673, 1.2547275849985706], [144, 2.5644235333007828, -3.526174522403982, -8.228095670699982, 1.5357742687233766], [146, -1.8191393509864304, -3.156347533242915, -7.309193213915307, 1.8388734232828825], [147, -2.5780586616303007, -3.5534010005307897, -10.296120561178771, 2.0136892015684555]]
[[141, 1.5253075518402641, -3.005848034248751, -6.585062799683177, 1.3354699674628328], [144, 2.5644235333007828, -3.526174522403982, -8.228095670699982, 1.5357742687233766], [146, -1.9152234227628222, -3.55542806131193, -6.846695449965066, 2.3334545196365815], [147, -2.5711785842473844, -3.7055966415615487, -7.443324227264186, 2.0717740110079363]]
[[141, 1.6138344589263864, -2.981841303428306, -5.713361087073612, 1.1120664479370732], [144, 2.5644235333007828, -3.526174522403982, -8.228095670699982, 1.5357742687233766], [146, -1.9152234227628222, -3.55542806131193, -6.846695449965066, 2.3334545196365815], [147, -2.4308161004312794, -3.6466284722658173, -7.680159126535256, 2.1212995712337603]]
[[141, 1.7302381181309912, -2.978616545621238, -5.7990100405100415, 1.053660578182163], [146, -1.9152234227628222, -3.55542806131193, -6.846695449965066, 2.3334545196365815], [147, -2.2954523782745055, -3.6028045036211847, -6.864088297594684, 1.5104952160822058]]
[[141, 1.7899232423521916, -2.8786672665443356, -6.347123331052279, 1.075221233342639], [147, -2.2954523782745055, -3.6028045036211847, -6.864088297594684, 1.5104952160822058]]
[[141, 1.7946514828904765, -2.6988927552569026, -4.906305082699145, 1.0095425186496336], [147, -2.2954523782745055, -3.6028045036211847, -6.864088297594684, 1.5104952160822058], [149, 1.2838836777938574, -2.1451494718491384, -4.342365025793554, 1.4267196263256867]]
[[141, 1.7185203280492134, -2.440191202180833, -5.0520688221917025, 1.1236559622451874], [149, 1.2362785268758107, -1.9469168779631378, -5.326724253792838, 1.4121617003393088]]
[[141, 1.6192248511370824, -2.1754066752376864, -4.288789512876202, 1.401468149387327], [149, 1.196752131405824, -1.7711093044774013, -5.034634926243077, 1.4891609394188368]]
[[141, 1.6192248511370824, -2.1754066752376864, -4.288789512876202, 1.401468149387327], [149, 1.2066651711023693, -1.6613771464448412, -6.279146852775669, 1.4599953582767884], [152, -1.6544167667608938, -2.4924939108291038, -6.2006829025515815, 1.6690141657439266]]
[[141, 1.6192248511370824, -2.1754066752376864, -4.288789512876202, 1.401468149387327], [149, 1.2066651711023693, -1.6613771464448412, -6.279146852775669, 1.4599953582767884], [152, -1.6729021839374347, -2.67681894809256, -6.557049745878594, 1.8662025959418191], [154, -2.211091137373099, -3.1189408465180595, -7.49989121408288, 1.4659496445890383]]
[[149, 1.2066651711023693, -1.6613771464448412, -6.279146852775669, 1.4599953582767884], [152, -1.7060278910271474, -2.918611806937885, -6.652277648630872, 1.5301279945037796], [154, -2.253586545176145, -3.3677217327201827, -7.043497298207774, 1.7381628657834471]]
[[152, -1.6940118003696618, -3.0737756461419163, -6.231519666436213, 1.4011355543661177], [154, -2.097163573106591, -3.2714376248863495, -4.386791139187332, 1.684093280000539]]
[[152, -1.6884754442955232, -3.210121581195896, -7.2221828285880765, 1.2944068576022452], [154, -2.097163573106591, -3.2714376248863495, -4.386791139187332, 1.684093280000539]]
[[152, -1.6884754442955232, -3.210121581195896, -7.2221828285880765, 1.2944068576022452], [154, -2.1863454498175408, -3.660784080678134, -7.829363677377545, 1.9459294885652927], [155, 1.4369431508177821, -2.4756135672874295, -4.908956442205379, 0.9430340845788677]]
[[152, -1.6884754442955232, -3.210121581195896, -7.2221828285880765, 1.2944068576022452], [154, -2.063204856865034, -3.6607674030493422, -7.8611744036829565, 1.8739761543878308], [155, 1.500811089159964, -2.385663082989724, -5.06308975082052, 0.9566825524123276]]
[[154, -1.9099066730585375, -3.6000228541112724, -7.442048517148984, 1.4766435093863877], [155, 1.5072653505334015, -2.217867232836016, -6.600559766397574, 0.9956398852179115], [157, -2.825607037359117, -3.820251555244133, -9.217314742012993, 1.2625058596183958]]
[[154, -1.823752499313436, -3.6537896486019243, -7.9514948296901835, 1.2261835416068436], [155, 1.4414849807934313, -1.9879633723110393, -5.230036506624171, 1.090322376820552], [157, -2.673630258764419, -3.746552585439008, -6.741048924457348, 1.0962145913060808]]
[[154, -1.823752499313436, -3.6537896486019243, -7.9514948296901835, 1.2261835416068436], [155, 1.394391119246336, -1.8037189260895095, -2.7285426403342337, 1.0363463626545326], [157, -2.673630258764419, -3.746552585439008, -6.741048924457348, 1.0962145913060808]]
[[154, -1.823752499313436, -3.6537896486019243, -7.9514948296901835, 1.2261835416068436], [155, 1.394391119246336, -1.8037189260895095, -2.7285426403342337, 1.0363463626545326], [157, -2.505840182504631, -3.6894555297788663, -5.7061976690741725, 1.074216506064976]]
[[155, 1.394391119246336, -1.8037189260895095, -2.7285426403342337, 1.0363463626545326], [157, -2.339690079938772, -3.616199063894971, -6.004578799740359, 0.9809531005396185]]
[[157, -2.339690079938772, -3.616199063894971, -6.004578799740359, 0.9809531005396185]]
[[157, -2.339690079938772, -3.616199063894971, -6.004578799740359, 0.9809531005396185]]
[]
[]
[[160, 1.7262559526660692, -3.2629856454610957, -6.737448348531479, 0.3002302780579096], [161, 1.4401645357123687, -2.9366946173338375, -5.386783285476909, 0.47355398664366166]]
[[160, 1.7851147327641084, -3.2185336785325376, -5.459788231982678, 0.34077923790631026], [161, 1.4438705557106655, -2.731695090494841, -5.587617673731192, 0.6513470471215842]]
[[160, 1.8767062996591588, -3.2017489990899977, -5.824608513701488, 0.41774933330627845], [161, 1.4233894450346387, -2.4930638158621647, -5.546883136535086, 0.8669131120904587]]
[[160, 1.8767633605939098, -3.052344593849125, -5.158482868352519, 0.5497297595283506], [161, 1.3746764592409586, -2.231395283534633, -5.579147090721147, 1.1148889593556757]]
[[160, 1.8800227357373542, -2.901889483932281, -6.34379459006377, 0.6285774282042451], [161, 1.3719506561193993, -2.036982683370569, -7.040596483960375, 1.1727240727236414]]
[[160, 1.8587831764811704, -2.728245940949967, -5.670363340717571, 0.6904193014119099], [161, 1.6182605984318816, -2.1355633267857166, -8.615195709387567, 1.2605431757716983], [164, -0.8430361989095746, -1.7565517817505323, -7.428538205480587, 0.9355210974979334]]
[[160, 1.767503355728609, -2.476749941355555, -4.975153443889957, 0.8731057200580823], [161, 1.6182605984318816, -2.1355633267857166, -8.615195709387567, 1.2605431757716983], [164, -0.8857903788577774, -1.9710345571597423, -8.188471628486177, 1.0705437259278565], [165, -1.7545382328142618, -2.9168162222611405, -6.170377077663963, 0.7561561956817148]]
[[160, 1.7101753688202093, -2.27633186321178, -5.930366361989751, 1.030286357033495], [161, 1.6182605984318816, -2.1355633267857166, -8.615195709387567, 1.2605431757716983], [164, -0.9500985979756054, -2.258431726353803, -7.972897714946427, 1.153787641191597], [165, -1.7545382328142618, -2.9168162222611405, -6.170377077663963, 0.7561561956817148], [166, 1.2045172606224281, -2.8730202554881186, -5.176482651207095, 0.60742753483212]]
[[160, 1.6452426733841894, -2.0808877007007376, -4.557650907479979, 1.0967096800470222], [164, -0.9905981495310203, -2.5238169995147315, -6.841853171971308, 1.2900319867880774], [165, -1.7545382328142618, -2.9168162222611405, -6.170377077663963, 0.7561561956817148], [166, 1.198825272885373, -2.6827311258230235, -5.190991349831174, 0.8129363288104606]]
[[160, 1.6315253066428306, -1.9599704474866444, -2.548588632218521, 1.0469347181495061], [164, -1.0794197546134199, -2.909355366440578, -8.641619293997255, 1.4311909410775754], [166, 1.2311754709421188, -2.547899512045872, -5.596477095823098, 0.8706658251770574]]
[[160, 1.6315253066428306, -1.9599704474866444, -2.548588632218521, 1.0469347181495061], [164, -1.1728937820564016, -3.284088547040856, -9.460645535653528, 1.695139996331895], [166, 1.266489369069428, -2.410087634461975, -4.993409718684113, 0.8945464695399116]]
[[160, 1.6315253066428306, -1.9599704474866444, -2.548588632218521, 1.0469347181495061], [164, -1.1728937820564016, -3.284088547040856, -9.460645535653528, 1.695139996331895], [166, 1.2434163835946557, -2.192726502312376, -4.59954603568834, 1.0432932388102762], [169, -1.8703846445287633, -2.488734159093142, -6.125133426326918, 1.0310453646784232]]
[[164, -1.1728937820564016, -3.284088547040856, -9.460645535653528, 1.695139996331895], [166, 1.3444561384567069, -2.1353041096301832, -8.409978251707779, 0.9868515298938064], [169, -1.9576735858648506, -2.7418334919027565, -7.148005523562305, 1.275969862417515]]
[[166, 1.2901326916397682, -1.9106904561467273, -5.118747862883909, 0.9976668074815171], [169, -2.0720262330768806, -3.0604457212775085, -8.623394596528337, 1.4086558138422494]]
[[166, 1.3219454098668266, -1.8005266447774773, -6.469232907648228, 0.988676803978971], [169, -2.096360498256164, -3.245818592445008, -6.805007747266586, 1.4575919551926606], [170, 0.8229362521601127, -2.464793651947869, -5.166152472461045, 0.8245801808562165]]
[[166, 1.3219454098668266, -1.8005266447774773, -6.469232907648228, 0.988676803978971], [169, -2.119437569767747, -3.441094399269845, -7.437638737006473, 1.383785181684614], [170, 0.8085210449994549, -2.204628202977041, -3.695975274467653, 1.089119496220867]]
[[166, 1.3219454098668266, -1.8005266447774773, -6.469232907648228, 0.988676803978971], [169, -2.119437569767747, -3.441094399269845, -7.437638737006473, 1.383785181684614], [170, 0.7897766828125963, -1.9414136535079007, -3.7071162745618866, 1.2069286061030553], [172, -1.1555981658422758, -2.1047057907836315, -5.753405281274871, 1.0250030225975348]]
[[169, -2.119437569767747, -3.441094399269845, -7.437638737006473, 1.383785181684614], [170, 1.060190267838665, -2.0530426143822647, -11.478114447108684, 1.2675431722623176], [172, -1.2340552157275755, -2.4849276740633592, -7.24129679993512, 1.2969908194652824]]
[[170, 1.060190267838665, -2.0530426143822647, -11.478114447108684, 1.2675431722623176], [172, -1.2340552157275755, -2.4849276740633592, -7.24129679993512, 1.2969908194652824]]
[[170, 1.060190267838665, -2.0530426143822647, -11.478114447108684, 1.2675431722623176], [172, -1.2340552157275755, -2.4849276740633592, -7.24129679993512, 1.2969908194652824], [174, -2.3825116539693583, -2.9439006458899257, -5.00423572999338, 0.949097692560121]]
[[174, -2.355605016500663, -3.0396702917461766, -6.251511723062848, 0.871000857667066]]
[[174, -2.507468461739566, -3.4175487409166756, -9.03452729939492, 1.3424027738105928]]
[[174, -2.432018270453253, -3.4420678275891277, -5.39501870355829, 0.9205219173636585]]
[[174, -2.432018270453253, -3.4420678275891277, -5.39501870355829, 0.9205219173636585]]
[[174, -2.297049353706413, -3.4131643796494906, -5.616377070948174, 0.9525137904856489]]
[[174, -2.297049353706413, -3.4131643796494906, -5.616377070948174, 0.9525137904856489], [175, 0.6881377669355624, -2.6189997433815906, -4.004451751761994, 0.8717079536451229]]
[[174, -2.297049353706413, -3.4131643796494906, -5.616377070948174, 0.9525137904856489], [175, 0.696939308574851, -2.4389974399409646, -4.786185436390389, 1.0348886651904716]]
[[175, 0.7997780901119746, -2.4454782216367366, -7.965579639542417, 1.01228847301076]]
[[175, 0.8014164385619726, -2.2398508356812714, -4.237845210725329, 1.0450967559010982]]
[[175, 0.7746836590983904, -1.982757023543611, -4.496204931293302, 1.1475411471168715]]
[[175, 0.7431048305850746, -1.7267257217195437, -4.259187728338373, 1.116327174785318]]
[[175, 0.9347630565123897, -1.7980988085609417, -9.86904115322651, 1.036873800763394]]
[[175, 0.9347630565123897, -1.7980988085609417, -9.86904115322651, 1.036873800763394]]
[[175, 0.9347630565123897, -1.7980988085609417, -9.86904115322651, 1.036873800763394], [176, 1.3089265977721174, -2.290863080191328, -4.8719850312341375, 0.42724384920137676]]
[[176, 1.2959985611059246, -2.0991792640429066, -5.005613011058433, 0.5421012577754677]]
[[176, 1.2670763464069361, -1.8967041114661578, -5.333490345970744, 0.6634487939125503], [177, -2.8510361275582907, -3.7515253558266286, -9.092462749819731, 0.9296785541433893]]
[[176, 1.4737569156138186, -1.9651991231311237, -8.491431777954794, 0.8144156338830724], [177, -2.913508438322948, -4.0192558361163755, -9.141848786648888, 1.1744772489276847]]
[[176, 1.4737569156138186, -1.9651991231311237, -8.491431777954794, 0.8144156338830724], [177, -2.913508438322948, -4.0192558361163755, -9.141848786648888, 1.1744772489276847]]
[[176, 1.4737569156138186, -1.9651991231311237, -8.491431777954794, 0.8144156338830724], [177, -2.913508438322948, -4.0192558361163755, -9.141848786648888, 1.1744772489276847]]
[]
[]
[]
[[178, 1.0298309936658376, -3.008348570160395, -8.229815103700343, 0.6139737508703419]]
[[178, 1.023194475450225, -2.7968896182644567, -4.535279662706301, 0.6932055703377513], [179, 0.3974691640290662, -2.0919064569994705, -3.990165562084243, 0.5546825278450831]]
[[178, 0.9742061097486625, -2.4852160470277256, -4.542575453309449, 0.9670167537298683], [179, 0.4698852697490705, -2.0479778690193307, -8.680945037013252, 0.6178861174766667]]
[[178, 0.9304305552558436, -2.183394878735682, -4.4058848183054975, 1.2247404049956827], [179, 0.4698852697490705, -2.0479778690193307, -8.680945037013252, 0.6178861174766667], [181, -2.6644409890177676, -3.6245924944388452, -7.1515220475538674, 0.49264365388854686]]
[[178, 0.9010420428399782, -1.9177040596685253, -5.2039935380009315, 1.3599641659699573], [179, 0.4698852697490705, -2.0479778690193307, -8.680945037013252, 0.6178861174766667], [181, -2.6644409890177676, -3.6245924944388452, -7.1515220475538674, 0.49264365388854686]]
[[178, 0.9767913309899978, -1.8113634397128653, -7.2121422863780325, 1.2863734831962768], [181, -2.6644409890177676, -3.6245924944388452, -7.1515220475538674, 0.49264365388854686], [182, -1.9409072872095712, -2.9101259306636464, -10.621819444180979, 2.1281822753513824]]
[[178, 0.9767913309899978, -1.8113634397128653, -7.2121422863780325, 1.2863734831962768], [181, -2.601792372372264, -3.770859645133956, -9.212204283588122, 0.546758690073362], [182, -1.877392577397747, -2.944688407203661, -6.333573960154278, 1.890292344515934], [183, 0.9375957627176823, -2.890406578208318, -4.955389625038721, 0.6379849233564799]]
[[178, 0.9767913309899978, -1.8113634397128653, -7.2121422863780325, 1.2863734831962768], [181, -2.601792372372264, -3.770859645133956, -9.212204283588122, 0.546758690073362], [182, -1.7386291889411676, -2.8445673363979265, -4.463036223092275, 1.7356736681995486], [183, 0.9311512511514786, -2.6686252460086037, -5.389113506615374, 0.6609073417121409]]
[[181, -2.601792372372264, -3.770859645133956, -9.212204283588122, 0.546758690073362], [182, -1.887982787939668, -3.369501538431344, -10.543689776423498, 1.5942055345150528], [183, 0.9048796916945978, -2.389510853510476, -4.238433650477464, 0.7251391791505363], [184, -1.4720844728784217, -2.412307410299541, -5.846763230676334, 1.498085842733483]]
[[182, -1.830465883792427, -3.4475995979707568, -5.737711241350865, 1.2395964693349264], [183, 0.8819807307764059, -2.121553906429758, -4.225042484710153, 0.9665714950262292], [184, -1.404053214053085, -2.542566814564584, -6.1217724562042255, 1.1732581342106867]]
[[182, -1.830465883792427, -3.4475995979707568, -5.737711241350865, 1.2395964693349264], [183, 0.8885608013286096, -1.9091192103926382, -5.393791283078937, 1.0686885162239517], [184, -1.358911679655664, -2.7153517168144026, -5.86091713651775, 0.8074864727151869]]
[[182, -1.830465883792427, -3.4475995979707568, -5.737711241350865, 1.2395964693349264], [183, 0.8885608013286096, -1.9091192103926382, -5.393791283078937, 1.0686885162239517], [184, -1.358911679655664, -2.7153517168144026, -5.86091713651775, 0.8074864727151869], [186, -1.4770349471699098, -1.9998386889307769, -5.686939512919026, 0.6119235938922525]]
[[183, 0.8885608013286096, -1.9091192103926382, -5.393791283078937, 1.0686885162239517], [184, -1.2783486522306968, -2.7948485788662665, -5.162047791400103, 0.6584261900507031], [186, -1.5036734049753115, -2.160992127079322, -4.390710838729325, 0.7144877323719293]]
[[184, -1.2783486522306968, -2.7948485788662665, -5.162047791400103, 0.6584261900507031], [186, -1.5988185773528611, -2.4694288162251095, -7.295468339782162, 0.9850873347827893]]
[[184, -1.2783486522306968, -2.7948485788662665, -5.162047791400103, 0.6584261900507031], [186, -1.6752802003551914, -2.7635718153835107, -5.183049202116794, 1.1993590665659177], [188, -0.8558151807836607, -2.040855843039788, -4.007597747089544, 0.6351330949817983], [189, 0.815366973973894, -2.678011900839028, -5.103559458997224, 0.4277221655794737], [190, 0.4634736920196937, -2.201786084232018, -6.1527430675830415, 0.5620926078517257]]
[[186, -1.6652613202292956, -2.906080562046541, -5.122492899103269, 1.1626115149718834], [188, -0.8601608077425398, -2.2724535560800354, -5.549445838074606, 0.7013608284563705], [189, 0.840350224157722, -2.536331273843344, -5.724158265850792, 0.561943502202354], [190, 0.47730323003602326, -2.004801828377448, -5.04791591075308, 0.7534541091970522]]
[[186, -1.6762407300659898, -3.1097571426263912, -6.023411040291703, 1.1361067636730644], [188, -0.8601608077425398, -2.2724535560800354, -5.549445838074606, 0.7013608284563705], [189, 0.9140832838852181, -2.4863364650968274, -7.954341080789156, 0.6177347403727425], [190, 0.47730323003602326, -2.004801828377448, -5.04791591075308, 0.7534541091970522]]
[[186, -1.6762407300659898, -3.1097571426263912, -6.023411040291703, 1.1361067636730644], [188, -0.8601608077425398, -2.2724535560800354, -5.549445838074606, 0.7013608284563705], [189, 1.027279740891287, -2.480703478710872, -8.586092623464427, 0.7073848397757176], [190, 0.47730323003602326, -2.004801828377448, -5.04791591075308, 0.7534541091970522]]
[[186, -1.6762407300659898, -3.1097571426263912, -6.023411040291703, 1.1361067636730644], [189, 1.1219440160837708, -2.403910767810041, -9.01567405172752, 0.674233453672881]]
[[189, 1.1219440160837708, -2.403910767810041, -9.01567405172752, 0.674233453672881]]
[[189, 1.1219440160837708, -2.403910767810041, -9.01567405172752, 0.674233453672881]]
[]
[]
[]
[]
[]
[]
[]
[]
[[193, 1.498217715709634, -2.983902712188983, -6.108157405683377, 0.6441578142041915]]
[[193, 1.5207825165488416, -2.815199731628721, -5.568622376267514, 0.7654442768988942]]
[[193, 1.514262617696072, -2.6032370722557365, -5.739495219371399, 1.0096689063295616]]
[[193, 1.4686710285215308, -2.3470531252895586, -4.895418287759555, 1.3089248565939726], [194, -1.0278638562375502, -1.6499746310954104, -3.664769420584268, 0.6060374150493145]]
[[193, 1.403322366144261, -2.087591946895909, -5.092428556291413, 1.586714189703807], [194, -1.107480638175446, -1.961547561705665, -6.425450648857341, 1.0427778974090793]]
[[193, 1.3488436258549794, -1.8656804216822929, -3.6828774271945024, 1.7083569034644488], [194, -1.223446630776882, -2.3646939576652293, -6.7801847606367645, 1.4343828084501895]]
[[193, 1.3488436258549794, -1.8656804216822929, -3.6828774271945024, 1.7083569034644488], [194, -1.3241888223803313, -2.7531836933460916, -5.472253409675926, 1.919708626683812]]
[[193, 1.3488436258549794, -1.8656804216822929, -3.6828774271945024, 1.7083569034644488], [194, -1.3241888223803313, -2.7531836933460916, -5.472253409675926, 1.919708626683812]]
[[194, -1.3241888223803313, -2.7531836933460916, -5.472253409675926, 1.919708626683812]]
[[195, 2.1091613668668145, -2.9258542170111586, -7.152320220409623, 1.004996864475385]]
[[195, 2.1091613668668145, -2.9258542170111586, -7.152320220409623, 1.004996864475385]]
[[195, 2.0506577980473555, -2.6810899109304445, -4.635963552076716, 1.332885723825325]]
[[195, 2.0506577980473555, -2.6810899109304445, -4.635963552076716, 1.332885723825325]]
[[195, 2.0506577980473555, -2.6810899109304445, -4.635963552076716, 1.332885723825325]]
[]
[]
[]
[]
[]
[[196, -1.506131939817371, -1.7742900013161191, -5.8380107259387675, 1.2845633313905696], [197, -1.118437471164791, -2.1293439285244595, -6.807941444403686, 1.2938412744481111]]
[[196, -1.6027445507349274, -1.968096365087768, -5.681062184962952, 1.4156280219884407], [197, -1.1784996930482148, -2.409522596911045, -6.689857813283596, 1.640184403434327]]
[[196, -1.7397148187641935, -2.236885448894792, -7.1384771994698815, 1.6244192468430327], [197, -1.2246238898796822, -2.683292027305775, -5.865616199791085, 1.903493806495496]]
[[196, -1.7927809856803496, -2.4199741613623678, -6.0361396545847885, 1.7184952554744826], [197, -1.2308427339469858, -2.8943160151395873, -5.787519946670115, 1.9457384347047921]]
[[196, -1.9703011238252723, -2.8238432737551484, -8.397451371729371, 2.071022774508923], [197, -1.2471879564436958, -3.1216522412229275, -6.216999005125068, 1.9581391036200961]]
[[196, -2.1556367182867344, -3.24845358187392, -10.183514299483276, 2.419618055057507], [197, -1.2471879564436958, -3.1216522412229275, -6.216999005125068, 1.9581391036200961]]
[[196, -2.2043590214543864, -3.4705193590052357, -6.724253781410774, 2.4342929568495415], [197, -1.2471879564436958, -3.1216522412229275, -6.216999005125068, 1.9581391036200961], [198, -1.695173970850015, -2.239122219169663, -6.163827238896558, 1.7890591816745087]]
[[196, -2.2264148020378385, -3.6549671228283382, -6.205286362180505, 2.258084968689068], [198, -1.678748480274719, -2.319545943583681, -4.497538262063681, 1.8918390254923945]]
[[196, -2.2264148020378385, -3.6549671228283382, -6.205286362180505, 2.258084968689068], [198, -1.6645106235318927, -2.4072208177668557, -5.754649954144387, 1.55208313580728]]
[[196, -2.2264148020378385, -3.6549671228283382, -6.205286362180505, 2.258084968689068], [198, -1.6645106235318927, -2.4072208177668557, -5.754649954144387, 1.55208313580728]]
[[198, -1.8557835860845193, -2.89868199125252, -10.714926351307001, 1.5732219919612702], [199, -1.9367684512982826, -2.1798859955351126, -6.68196717590548, 1.9503398371003182]]
[[198, -1.8557835860845193, -2.89868199125252, -10.714926351307001, 1.5732219919612702], [199, -1.9367684512982826, -2.1798859955351126, -6.68196717590548, 1.9503398371003182], [200, -2.4892132511855403, -4.187563926500225, -11.290244749352075, 2.212706059307989]]
[[198, -1.8557835860845193, -2.89868199125252, -10.714926351307001, 1.5732219919612702], [199, -2.1087944229118403, -2.4595132696334474, -6.870399358628301, 2.4107474235112543], [200, -2.484458734680777, -4.317480094619248, -10.202025733649403, 2.269006857287621]]
[[199, -2.249856131983721, -2.7358191737925184, -8.960593356666436, 2.428820233296633], [200, -2.4778035747227607, -4.429700740731598, -8.000543969633284, 1.9908656017402475]]
[[199, -2.3861169188577054, -3.018760294367693, -6.293792711656492, 2.3895664266747576], [200, -2.4249150763033613, -4.5592421376229915, -11.625373649048674, 1.4093494208034785]]
[[199, -2.521579631304922, -3.3170903467140023, -7.786057570912291, 2.3785294243942956], [200, -2.4036574283539074, -4.748146648268315, -11.86331353085378, 1.134829892269184], [201, 1.0535104168708864, -3.4901389806791885, -6.575333657460638, 0.49750194605240594]]
[[199, -2.56785738035504, -3.4997785250706643, -7.192005934873894, 2.1943205289035275], [200, -2.3902196486381655, -4.949287794315018, -11.944837138773932, 1.1545040706282266], [201, 1.1174667663468987, -3.4884972144354807, -6.829214643282347, 0.5636006432232336]]
[[199, -2.6705415245301376, -3.7778284417352364, -6.790266554496831, 2.14178144202479], [200, -2.318029192310371, -5.0334551155689535, -10.347470537722344, 1.1240379969828922], [201, 1.1521606832824574, -3.3986014925855317, -5.684379923525781, 0.6262288833922064]]
[[199, -2.6971263325344204, -3.93782342065907, -6.141720777121871, 1.918572881709374], [200, -2.318029192310371, -5.0334551155689535, -10.347470537722344, 1.1240379969828922], [201, 1.2018490932889079, -3.310122861263203, -5.750265203956436, 0.7046447276652047]]
[[199, -2.724380423748431, -4.110083241073787, -7.179145745867752, 1.70901145506391], [200, -2.318029192310371, -5.0334551155689535, -10.347470537722344, 1.1240379969828922], [201, 1.2389544100483678, -3.1893316879447218, -6.487467070541114, 0.746347834057185]]
[[199, -2.738244644311182, -4.292544958447609, -8.55576146620128, 1.4941546476191228], [201, 1.2857449699614074, -3.0581245699701607, -5.090414926183688, 0.7851193615060901], [202, 1.1697471064441232, -4.192022823866242, -7.7671178683725115, 1.558241727998864]]
[[199, -2.738244644311182, -4.292544958447609, -8.55576146620128, 1.4941546476191228], [201, 1.2851506091434879, -2.845691334616509, -5.290836368319767, 1.0070480841276097], [202, 1.1626755211131077, -4.094500748871475, -6.842938170275695, 1.0104526556933848]]
[[199, -2.738244644311182, -4.292544958447609, -8.55576146620128, 1.4941546476191228], [201, 1.2917358262160392, -2.6399674385401335, -5.387960267869158, 1.1696114832355011], [202, 1.1664961987358848, -4.044932695981898, -6.487144042439672, 0.7139713310282152]]
[[201, 1.2917358262160392, -2.6399674385401335, -5.387960267869158, 1.1696114832355011], [202, 1.1925240267759727, -4.0891519160766165, -6.272951678721293, 0.54006242978129]]
[[201, 1.2917358262160392, -2.6399674385401335, -5.387960267869158, 1.1696114832355011], [202, 1.2060308704835934, -3.999189493047618, -7.486762182740775, 0.5693729078596019]]
[[202, 1.2630685303350964, -3.8435350504023713, -5.057194800560906, 0.6756522133037054]]
[[202, 1.2602126761746122, -3.5433847112537165, -4.8357992877582525, 0.9773565397583894]]
[[202, 1.269879403748243, -3.279561918427683, -5.812599770228672, 1.2958414256894346]]
[[202, 1.4626366259150356, -3.383926621064693, -9.143606179612553, 1.547821949360808]]
[[202, 1.5412592771945444, -3.3132251433250968, -6.240108715027314, 1.5695328948556289], [205, -1.8229390095735862, -3.170028191516897, -8.642746700397105, 1.4748442843988774]]
[[202, 1.4687195890218632, -3.0177774347897377, -5.965275904534293, 1.7824193131108625], [205, -1.8308591858676118, -3.3449463475437513, -6.383177502686327, 1.6981371858373968]]
[[202, 1.3142010981533032, -2.616037408709037, -7.078274406922085, 1.9758916345226514], [205, -1.778773654952126, -3.391728869579498, -5.310875959103795, 1.7007098066210602]]
[[202, 1.2369858402106118, -2.347429027944124, -6.365667954694157, 1.995743222401011], [205, -1.778773654952126, -3.391728869579498, -5.310875959103795, 1.7007098066210602], [206, 1.1897624870996109, -2.408792641885798, -7.047770913523814, 1.2717089151488716]]
[[202, 1.1291227554018646, -2.05868150062388, -7.2981986445631355, 2.122728209447623], [205, -1.778773654952126, -3.391728869579498, -5.310875959103795, 1.7007098066210602], [206, 1.1257927589885721, -2.1427881440260093, -7.2981986445631355, 1.3576796801330595]]
[[202, 1.072877153842716, -1.8580622551627397, -9.455174824972664, 2.271988984060703], [206, 1.1257927589885721, -2.1427881440260093, -7.2981986445631355, 1.3576796801330595]]
[[202, 1.0130449063328257, -1.673814759685866, -7.867128328031878, 2.0965840841199856], [206, 1.1110716743490123, -1.9225837315632277, -7.407595108659367, 1.4467662991903492]]
[[202, 1.0130449063328257, -1.673814759685866, -7.867128328031878, 2.0965840841199856], [206, 1.1110716743490123, -1.9225837315632277, -7.407595108659367, 1.4467662991903492]]
[[202, 1.0130449063328257, -1.673814759685866, -7.867128328031878, 2.0965840841199856], [206, 1.1110716743490123, -1.9225837315632277, -7.407595108659367, 1.4467662991903492], [207, -1.0304351892296064, -2.193824413280279, -5.074377090199996, 1.4697220674935263], [208, -1.6269135870330595, -2.185428924598493, -6.702727283053373, 1.319915152615207]]
[[207, -1.0304351892296064, -2.193824413280279, -5.074377090199996, 1.4697220674935263], [208, -1.7817661058875354, -2.5528609880792716, -6.6074273558724235, 1.6539846192379568]]
[[207, -1.0304351892296064, -2.193824413280279, -5.074377090199996, 1.4697220674935263], [208, -1.866596413413684, -2.8429731609347533, -7.131387184984983, 2.058057414172967]]
[[208, -1.7842715110261094, -2.8436536376418178, -3.9002453292544996, 2.0543631950872365]]
[[208, -1.7745107671595868, -3.018658402446879, -6.852004707841698, 1.9030906336300717]]
[[208, -1.671923220442361, -2.997302985962509, -4.171441348586013, 1.5959688061668769]]
[[208, -1.671923220442361, -2.997302985962509, -4.171441348586013, 1.5959688061668769]]
[[208, -1.671923220442361, -2.997302985962509, -4.171441348586013, 1.5959688061668769]]
[[208, -1.6741661910494012, -3.309469343948617, -9.34090464029306, 1.460578960652201]]
[[208, -1.722444614758937, -3.7450567804144557, -10.249232211594157, 1.6535677941521314], [209, -1.4635269817057237, -2.642111778252434, -5.374440831177974, 1.9419821560590667]]
[[208, -1.722444614758937, -3.7450567804144557, -10.249232211594157, 1.6535677941521314], [209, -1.4097750441186174, -2.7295960837792395, -4.646470855374086, 1.8874636381307728]]
[[208, -1.722444614758937, -3.7450567804144557, -10.249232211594157, 1.6535677941521314], [209, -1.4097750441186174, -2.7295960837792395, -4.646470855374086, 1.8874636381307728], [211, 0.8096288867060668, -2.706119680240538, -4.544968906958402, 1.1368436618608817]]
[[209, -1.3444172879131664, -2.846948119758988, -5.543663271547883, 1.8629710900980996], [211, 0.7941754370099289, -2.447259310449651, -4.128323234292228, 1.4313536974360783]]
[[209, -1.3444172879131664, -2.846948119758988, -5.543663271547883, 1.8629710900980996], [211, 0.7850715950741426, -2.1992262226471104, -4.563320793424014, 1.646503166969699], [212, -2.202752933511941, -2.650775881930431, -5.316633915610173, 1.3747430173588295]]
[[209, -1.3444172879131664, -2.846948119758988, -5.543663271547883, 1.8629710900980996], [211, 0.8625100850953544, -2.1112949631149687, -7.157007338011456, 1.5291791503151577], [212, -2.4209256519625257, -3.0506656014290026, -8.384519770874121, 1.9904280382134831]]
[[211, 0.8716445573578222, -1.9183354623671942, -5.176522670661953, 1.5452799646301083], [212, -2.438179035711601, -3.1779841423353803, -5.99465024929384, 2.019670503299568]]
[[211, 1.042220517883111, -1.9327387001348038, -8.309523170053728, 1.4740629387829554], [212, -2.348408413653784, -3.1745590540104285, -5.713485658954863, 1.3952867840546295]]
[[211, 1.042220517883111, -1.9327387001348038, -8.309523170053728, 1.4740629387829554], [212, -2.278982227206285, -3.198866386971935, -5.6781631366988625, 1.2216352581624115]]
[[211, 1.042220517883111, -1.9327387001348038, -8.309523170053728, 1.4740629387829554], [212, -2.278982227206285, -3.198866386971935, -5.6781631366988625, 1.2216352581624115]]
[[212, -2.278982227206285, -3.198866386971935, -5.6781631366988625, 1.2216352581624115]]
[]
[[214, 1.370910390622995, -2.3935974787377354, -5.136200661071242, 0.9922640304689765]]
[[213, 1.9839135938245946, -2.8470668434167856, -6.4430110087410295, 1.4598608168972842], [214, 1.3206412281769024, -2.14282057383274, -5.31664754800035, 1.2649218250752763]]
[[213, 1.9784699536808126, -2.670713070863296, -7.204232687374517, 1.466832733070397], [214, 1.3152414349365422, -1.9555684284221804, -6.447938109118064, 1.388182647794012]]
[[213, 1.8894312640495872, -2.4216904588243473, -5.0695512013010235, 1.7040658880057478], [214, 1.5234198045782763, -2.0201559001739415, -7.750570046814094, 1.5445022026598483]]
[[213, 1.8409391860760143, -2.2420907348970207, -2.670046159988422, 1.6556096076661084], [214, 1.5234198045782763, -2.0201559001739415, -7.750570046814094, 1.5445022026598483]]
[[213, 1.8409391860760143, -2.2420907348970207, -2.670046159988422, 1.6556096076661084], [214, 1.5234198045782763, -2.0201559001739415, -7.750570046814094, 1.5445022026598483]]
[[213, 1.8409391860760143, -2.2420907348970207, -2.670046159988422, 1.6556096076661084]]
[]
[]
[]
[]
[]
[[218, 2.255307533372675, -2.828711323419757, -5.618654100289084, 0.7846246579384305]]
[[218, 2.255307533372675, -2.828711323419757, -5.618654100289084, 0.7846246579384305], [221, 1.3444446252204991, -2.879856123283615, -6.089569673033887, 0.7639507269388363]]
[[218, 2.255307533372675, -2.828711323419757, -5.618654100289084, 0.7846246579384305], [221, 1.3286180376892462, -2.658833818175345, -4.995452909575741, 1.0323131787651707]]
[[221, 1.289520693872807, -2.3985184214087476, -4.860328128017271, 1.2550283169131202], [222, 0.48403807226465767, -2.7032074468225114, -7.9971720756230225, 0.8055118084850943]]
[[221, 1.2622753008621634, -2.1633231414810985, -5.537308263624668, 1.4416137325432254], [222, 0.5344808461082733, -2.561398610046509, -5.881393098672801, 0.9368387155012959]]
[[221, 1.201415043555841, -1.9078194826404602, -4.708227033592843, 1.6883911806906682], [222, 0.5344808461082733, -2.561398610046509, -5.881393098672801, 0.9368387155012959]]
[[221, 1.2816989867644244, -1.8267715272090521, -7.4816382080951955, 1.6468378937318566], [222, 0.5344808461082733, -2.561398610046509, -5.881393098672801, 0.9368387155012959]]
[[221, 1.2816989867644244, -1.8267715272090521, -7.4816382080951955, 1.6468378937318566]]
[[221, 1.2816989867644244, -1.8267715272090521, -7.4816382080951955, 1.6468378937318566]]
[]
[]
[]
[]
[]
[]
[]
[]
[[225, 1.2447979547646193, -2.816332943697993, -5.126089669544445, 1.0193281493553246]]
[[224, 1.1049338471422927, -3.5315930147817305, -4.534340214392925, 1.1876457360266144], [225, 1.2772635314549432, -2.6761359249691616, -5.742636457879372, 1.0108528673296324], [226, -1.225510231982774, -2.0558466595905114, -5.115476204310821, 0.8942263673453988]]
[[224, 1.1382923129402767, -3.378401275470889, -5.906565342672004, 1.3503901555896036], [225, 1.228727315178897, -2.4113284701073883, -4.716897537388579, 1.329677421442384], [226, -1.2400321502849556, -2.2746290878913804, -6.368885208002086, 0.9736863322476281]]
[[224, 1.2219512667965806, -3.361746102987187, -5.52644519806091, 1.2887569327919435], [225, 1.1982708539317926, -2.1659466744369977, -4.726573932067057, 1.507804336115155], [226, -1.27032064329665, -2.556919922212767, -5.566314867857901, 1.278620643307864]]
[[224, 1.293109631163224, -3.3265785616339643, -4.887907442649267, 1.180236025895724], [225, 1.159713029195443, -1.9231560346501384, -4.47886890680846, 1.5967814240263336], [226, -1.27032064329665, -2.556919922212767, -5.566314867857901, 1.278620643307864], [227, 0.7187138008421724, -2.6315901058738644, -4.915554798811126, 1.8667706086794769]]
[[224, 1.306711510150285, -3.1839000552503762, -4.810886849922293, 1.1966012780383757], [225, 1.1976709835126642, -1.7858302239460242, -6.986516780370687, 1.5479528641547238], [226, -1.27032064329665, -2.556919922212767, -5.566314867857901, 1.278620643307864], [227, 0.758331657353762, -2.5221933617099097, -7.428694713571925, 1.8327453266349285]]
[[224, 1.2644805056005537, -2.9776798394161657, -7.536819983281004, 0.9924591610457005], [225, 1.1976709835126642, -1.7858302239460242, -6.986516780370687, 1.5479528641547238], [227, 0.807627296173562, -2.4101110676876543, -6.982437840421605, 1.6143460806676813]]
[[224, 1.3301519874846732, -2.920657190055196, -4.577580624801623, 0.8880945114384712], [225, 1.1976709835126642, -1.7858302239460242, -6.986516780370687, 1.5479528641547238], [227, 0.7685373683689501, -2.116727677085524, -3.7968210121848918, 1.602217113319987], [228, -1.8750806388409167, -2.498546109895273, -6.078690610170583, 1.266375963095594]]
[[224, 1.3735383079371088, -2.8086218534685736, -4.0918385513445505, 0.931890403102462], [227, 0.7889296158567849, -1.9260842829797198, -7.567752117666387, 1.4926947108029651], [228, -2.006326577736594, -2.8293424574200277, -7.9681674649421, 1.6357065600829035]]
[[224, 1.3769690033782689, -2.639096884037258, -4.149776543833775, 1.0570077134302618], [227, 0.7989434017893827, -1.7329086652831438, -6.211569083044904, 1.3307826215232152], [228, -2.1026320801595038, -3.119386914426943, -8.841188191503974, 1.755872834699589]]
[[224, 1.3769690033782689, -2.639096884037258, -4.149776543833775, 1.0570077134302618], [227, 0.9025038751702145, -1.6851724058872546, -8.685809978913106, 1.324941167274882], [228, -2.1409644634534635, -3.3332655257756216, -6.5137839386199605, 1.8549613863016332], [229, -1.3056047978940966, -2.112253328193358, -6.0471192128823255, 0.6820232979020732]]
[[224, 1.3769690033782689, -2.639096884037258, -4.149776543833775, 1.0570077134302618], [227, 0.9025038751702145, -1.6851724058872546, -8.685809978913106, 1.324941167274882], [228, -2.143326843425144, -3.4993025565997256, -6.622418120111097, 1.7543163937506505], [229, -1.3015546732946035, -2.3158755000790183, -6.221101646967132, 0.8954487175019057]]
[[227, 0.9025038751702145, -1.6851724058872546, -8.685809978913106, 1.324941167274882], [228, -2.0966918089473645, -3.576854651816432, -6.034275379877691, 1.6248292035160468], [229, -1.3126400483555771, -2.5436331720950127, -6.440296163122161, 1.0414190760863649]]
[[228, -2.0966918089473645, -3.576854651816432, -6.034275379877691, 1.6248292035160468], [229, -1.3126400483555771, -2.5436331720950127, -6.440296163122161, 1.0414190760863649], [230, 0.9825117770053748, -3.9338098056813884, -4.945123742127913, 0.9532632686969631]]
[[228, -2.0966918089473645, -3.576854651816432, -6.034275379877691, 1.6248292035160468], [229, -1.3126400483555771, -2.5436331720950127, -6.440296163122161, 1.0414190760863649], [230, 0.9806715917212162, -3.793148978071893, -5.317938501036248, 1.0514590470366465], [231, 1.1770851147639303, -1.7190394322271203, -7.836327987834107, 0.7597052903172383]]
[[230, 0.9874616111034131, -3.6692256890567565, -4.907037018330029, 0.8023849695485115], [231, 1.1061908633240838, -1.5325383897802949, -6.538225642604671, 0.9980416103266746]]
[[230, 1.0503558947820555, -3.6947126991379013, -5.620086210185426, 0.8122850746227614], [231, 1.1061908633240838, -1.5325383897802949, -6.538225642604671, 0.9980416103266746]]
[[230, 1.1182970703996167, -3.7429888939310287, -5.974300061986411, 0.8536058132872381], [231, 1.1061908633240838, -1.5325383897802949, -6.538225642604671, 0.9980416103266746], [232, 1.5358462110759863, -2.9968805079898306, -5.0977683925210515, 0.5755821221156585]]
[[230, 1.2292553722015636, -3.9004688968466024, -7.475244985550204, 0.893355389762369], [232, 1.7055435768551597, -3.056937249889916, -5.391500312504167, 0.7355441572138648]]
[[230, 1.3346509561714686, -4.046335259084617, -7.889567945387341, 0.9504930109334083], [232, 1.8049346413073333, -3.019541408570473, -5.918350229922559, 0.8092711019888416]]
[[230, 1.4299854174983753, -4.159721819432353, -8.241786750251595, 0.9923006362765152], [232, 1.8049346413073333, -3.019541408570473, -5.918350229922559, 0.8092711019888416]]
[[230, 1.3983908388191437, -3.888862498983, -5.322877715334515, 1.2999051870343705], [232, 1.8049346413073333, -3.019541408570473, -5.918350229922559, 0.8092711019888416]]
[[230, 1.4595300180312643, -3.826478041421228, -7.982905240011978, 1.3031273426977292]]
[[230, 1.5228800911141969, -3.7831036353357668, -7.832910370604143, 1.1316636675565706], [234, 2.259619031094905, -3.6806427586972017, -4.719970149099576, 3.844390512509656]]
[[230, 1.569539836021768, -3.658394161669381, -6.29562935692099, 1.0646924149407857], [234, 2.1790576396879655, -3.4067291370054305, -6.314124407585661, 3.338515318793162], [235, 1.255171601601786, -2.9642168904944386, -5.410336459300405, 0.5788510337021969]]
[[230, 1.7732014043331845, -3.797208189446736, -7.613999021655766, 1.2094815863686745], [234, 2.0953868667343434, -3.138529493841104, -5.1020388263969725, 2.7562157782334866], [235, 1.2829667182270499, -2.845217327605833, -5.920889431131714, 0.6752820208470007]]
[[230, 1.8386117400328623, -3.7130261893660195, -6.047001076348511, 0.9601389830441024], [234, 1.99954923547874, -2.866180833347237, -5.596005463667687, 2.4737874325095457], [235, 1.2905561263860745, -2.6775479444080945, -5.858263693793408, 0.8078084567124385]]
[[230, 1.789917901191119, -3.4512890923731634, -5.535902547574653, 1.2202076035476366], [234, 1.9512976997675429, -2.666957331753957, -5.78332623455569, 2.123392243256704], [235, 1.2561703182275863, -2.442199131261812, -5.338278355182866, 0.9941451321307226]]
[[230, 1.7081460406343556, -3.137449337240672, -5.7381769670663205, 1.5831208331147404], [234, 1.925458575809861, -2.50708340524056, -6.118554873548864, 1.7998238786183918], [235, 1.2179601966428226, -2.2064551012003895, -5.3667176069204166, 1.2542097607867029]]
[[230, 1.7081460406343556, -3.137449337240672, -5.7381769670663205, 1.5831208331147404], [234, 1.8855197773576275, -2.341691621899864, -5.577976318922066, 1.6278314485168326], [235, 1.173753250502019, -1.970164232321808, -5.202376862721849, 1.4789227688878133]]
[[230, 1.5870311883948638, -2.7498035212390954, -4.852453860569322, 1.9768159308399647], [234, 1.848984502647701, -2.1997638952987337, -4.024976544394628, 1.4255162610915364], [235, 1.1772821782160598, -1.802537551678743, -6.524788904231284, 1.5419863368353681], [237, 1.9232852684627533, -3.242014627030099, -5.853631444365692, 1.8184403730546008]]
[[230, 1.544493271391948, -2.486855471592765, -4.682059938754519, 1.9975990649507753], [234, 1.848984502647701, -2.1997638952987337, -4.024976544394628, 1.4255162610915364], [235, 1.4381124735623279, -1.9352116335987053, -11.216457481964712, 1.7178141056008893], [237, 1.919608042449433, -2.9788789774345386, -4.807181465926374, 2.0952034592750692]]
[[230, 1.5026055918087247, -2.2520543391347188, -5.628324750809241, 2.17725742971067], [234, 1.848984502647701, -2.1997638952987337, -4.024976544394628, 1.4255162610915364], [235, 1.4381124735623279, -1.9352116335987053, -11.216457481964712, 1.7178141056008893], [237, 1.9590386347291133, -2.798480105142935, -5.592733362294044, 2.147910990224479]]
[[230, 1.4687075001293923, -2.0541844662275905, -5.96732782781556, 2.069807137229085], [234, 1.9118669198723075, -2.1946732999015395, -5.631847677170073, 1.0886547328878955], [235, 1.4381124735623279, -1.9352116335987053, -11.216457481964712, 1.7178141056008893], [237, 2.0177871137369565, -2.666263104539275, -5.631847677170073, 1.884940290105098]]
[[230, 1.441632325234662, -1.8879295590915104, -5.166935968197841, 1.8350484694650109], [234, 1.7812016589845308, -2.0058766542156072, -4.381892137342741, 1.1171943175719525], [237, 1.8691769029217453, -2.3584105772996393, -4.381892137342741, 1.7655529305435664], [240, -1.4376712602518797, -2.2158950557335677, -4.780842693824857, 1.4333098792066057]]
[[230, 1.3533425701433028, -1.68570609991874, -2.1296847285787237, 1.5538527563240725], [234, 1.6876469571240276, -1.8915384095463832, -10.786650060685135, 1.086698852376602], [237, 1.8607345102451376, -2.2303381267405307, -3.7601205390158015, 1.5130611735644124], [240, -1.4209231503754929, -2.4054657549490783, -5.402654543589785, 1.2113440526545418], [241, -0.9460467723579007, -2.479378718902613, -4.270422079630353, 1.2898270501706015]]
[[230, 1.3533425701433028, -1.68570609991874, -2.1296847285787237, 1.5538527563240725], [234, 1.6876469571240276, -1.8915384095463832, -10.786650060685135, 1.086698852376602], [237, 1.8607345102451376, -2.2303381267405307, -3.7601205390158015, 1.5130611735644124], [240, -1.413940451764494, -2.618737727970308, -6.236840082768782, 1.085638613770245], [241, -0.9019928013781443, -2.5701190628958384, -5.026737560471969, 1.3748919379208626], [243, 1.267493424931406, -2.6985841959757835, -5.647216841429142, 0.6088297927977945]]
[[230, 1.3533425701433028, -1.68570609991874, -2.1296847285787237, 1.5538527563240725], [234, 1.6876469571240276, -1.8915384095463832, -10.786650060685135, 1.086698852376602], [237, 1.8607345102451376, -2.2303381267405307, -3.7601205390158015, 1.5130611735644124], [240, -1.413940451764494, -2.618737727970308, -6.236840082768782, 1.085638613770245], [241, -0.9019928013781443, -2.5701190628958384, -5.026737560471969, 1.3748919379208626], [243, 1.268218992885741, -2.537196225486066, -4.719318257184022, 0.719688076304997], [244, -1.4500681604530001, -2.012008551046063, -5.4125466203175945, 1.051783313978832]]
[[240, -1.413940451764494, -2.618737727970308, -6.236840082768782, 1.085638613770245], [241, -0.9019928013781443, -2.5701190628958384, -5.026737560471969, 1.3748919379208626], [243, 1.228957304872541, -2.309302862538016, -4.470166833147292, 0.9488643084549316], [244, -1.5342621401459953, -2.3018371627509775, -8.002948895840234, 1.4537211231405496]]
[[243, 1.1962782190508292, -2.096004543485442, -4.412578697210698, 1.1276621673292202], [244, -1.5342621401459953, -2.3018371627509775, -8.002948895840234, 1.4537211231405496], [245, 0.2677320155963646, -2.738753950994224, -5.224547807767669, 0.3634989484760244]]
[[243, 1.172821236664312, -1.895905587962583, -4.661676553317319, 1.3167939795529944], [244, -1.5342621401459953, -2.3018371627509775, -8.002948895840234, 1.4537211231405496], [245, 0.2762740158925655, -2.5711676817638156, -3.868905827805739, 0.5192718666474659]]
[[243, 1.2035378359143636, -1.7712650412813555, -6.212066464956689, 1.3591316113179803], [245, 0.29661795217163855, -2.4310230574561893, -4.777175470390661, 0.6718781364632024]]
[[243, 1.5029358697122233, -1.9517374858065915, -9.814408689101914, 1.6519429162013541], [245, 0.29661795217163855, -2.4310230574561893, -4.777175470390661, 0.6718781364632024], [246, 1.1332750319888425, -4.200953413750787, -6.675260026116469, 1.6179674380115094]]
[[243, 1.5029358697122233, -1.9517374858065915, -9.814408689101914, 1.6519429162013541], [245, 0.3060951035632175, -2.1772976138626206, -4.413330152185118, 1.0133194475514347], [246, 1.1222952083481763, -3.931685047920727, -5.636566065978837, 1.9193029765593512]]
[[243, 1.5029358697122233, -1.9517374858065915, -9.814408689101914, 1.6519429162013541], [245, 0.34493306925269357, -2.049932373067797, -5.485479158809871, 1.1191774512273485], [246, 1.1271738267333136, -3.705248539003762, -6.435815338441437, 1.7701756307886274], [248, 1.3711896139639657, -3.0022361440864143, -6.265719140601776, 0.867995123574102]]
[[245, 0.38461122645282875, -1.8976526837793577, -7.394009271219675, 1.2585102457988693], [246, 1.1610979121639775, -3.5914126468613308, -6.787118918322713, 1.321820461732266], [248, 1.4111369618547012, -2.862769695445948, -5.743744836792582, 0.9918102707624994]]
[[245, 0.4374611285212264, -1.8126761983088964, -6.807803634141509, 1.1581213457091135], [246, 1.1440015064627445, -3.4016335400671247, -5.336842482408548, 1.512513037743966], [248, 1.44787150759198, -2.715835224659244, -5.409561831807154, 1.1206727391052107]]
[[245, 0.4374611285212264, -1.8126761983088964, -6.807803634141509, 1.1581213457091135], [246, 1.1071534928017348, -3.1115382066657196, -3.4576358945456596, 1.6074195087289282], [248, 1.4178552458280993, -2.4729779716101103, -5.116444087632813, 1.2564362914219762]]
[[245, 0.4374611285212264, -1.8126761983088964, -6.807803634141509, 1.1581213457091135], [246, 1.1488191928486575, -2.9542346191894624, -4.804546367421281, 1.4457829683758072], [248, 1.3811944048583893, -2.2317383422554182, -5.45189748688667, 1.3496950440799813]]
[[246, 1.2189507765684917, -2.859349185896722, -4.651450585560524, 1.2868353710741738], [248, 1.3248811893480377, -1.9872272108545208, -4.9868960876699875, 1.5142288989354316]]
[[246, 1.3973895924689033, -2.9665365454616857, -6.628007141916933, 1.4159215814295434], [248, 1.3248811893480377, -1.9872272108545208, -4.9868960876699875, 1.5142288989354316]]
[[246, 1.5234035701600175, -2.983652208632537, -6.137768050197535, 1.3250705243614753], [248, 1.3248811893480377, -1.9872272108545208, -4.9868960876699875, 1.5142288989354316], [253, -2.195644161285794, -3.3379632373093875, -10.53214727077723, 2.567929145175948]]
[[246, 1.5711573074161644, -2.885926444925818, -5.589014039037798, 1.0601956241071773], [252, -2.3864351298581226, -2.7923088962920497, -9.793693266341142, 1.4713421229160726], [253, -2.407763975665585, -3.837129119729457, -9.348878423937022, 3.0849348562331387]]
[[246, 1.8348344443025786, -3.0957369877714394, -9.51823988755284, 1.3158068525196747], [252, -2.489120199873771, -3.0106811855759377, -9.049771440409728, 1.7011730753980163], [253, -2.628083322033826, -4.386839575670802, -9.894886778439059, 3.73975541953508]]
[[246, 1.8586943264733458, -2.9613446905427003, -5.749134971571132, 1.3425806754195961], [252, -2.5896235090917195, -3.239567724793033, -9.080140572390176, 1.764705951532752], [253, -2.7754427459626725, -4.846260579665188, -10.241914785038114, 4.276094174994105], [254, 1.335179319489794, -2.2504977782510083, -4.599883295048056, 0.9137982727536256]]
[[246, 1.9413304107698446, -2.9039590235241364, -9.342185824711908, 1.1839221115593244], [252, -2.7139538101435576, -3.5173219160084277, -9.924215492957407, 1.8915975465387536], [253, -2.8321736666246684, -5.158613222354257, -9.765526187864438, 3.8537906882772206], [254, 1.3190880076502207, -2.0730935043671694, -5.238908832288349, 0.9392077396005757], [255, -1.255413709977637, -2.1269549708530366, -5.062109626613089, 0.9437871011651635]]
[[246, 1.8067038990025228, -2.585907550307533, -4.689340695947618, 1.5006776142781049], [252, -2.786136317085844, -3.7361634818412215, -7.958595512069076, 1.9119314422715985], [253, -2.6432740537399884, -4.977730822956625, -6.0568341319059895, 3.21122940037374], [254, 1.307228791119013, -1.9069696641690057, -5.655974338261761, 1.1279604637892435], [255, -1.2531034561217824, -2.3283252042037343, -5.701472749376121, 0.9458022125875711]]
[[246, 1.6604308305538051, -2.268862916990003, -5.51584025126242, 1.8449156896678094], [252, -2.786136317085844, -3.7361634818412215, -7.958595512069076, 1.9119314422715985], [253, -2.6432740537399884, -4.977730822956625, -6.0568341319059895, 3.21122940037374], [254, 1.508346404703655, -1.9858459069762575, -8.840951774389417, 1.2952905613600654], [255, -1.2531034561217824, -2.3283252042037343, -5.701472749376121, 0.9458022125875711]]
[[246, 1.6604308305538051, -2.268862916990003, -5.51584025126242, 1.8449156896678094], [252, -2.786136317085844, -3.7361634818412215, -7.958595512069076, 1.9119314422715985], [253, -2.6432740537399884, -4.977730822956625, -6.0568341319059895, 3.21122940037374], [254, 1.508346404703655, -1.9858459069762575, -8.840951774389417, 1.2952905613600654], [255, -1.22905702863111, -2.536804769550883, -4.553955938910815, 1.1144356251010927]]
[[246, 1.6790932961508394, -2.1400693553433623, -3.473635672080474, 1.5446202733917953], [254, 1.508346404703655, -1.9858459069762575, -8.840951774389417, 1.2952905613600654], [255, -1.22905702863111, -2.536804769550883, -4.553955938910815, 1.1144356251010927]]
[[246, 1.6790932961508394, -2.1400693553433623, -3.473635672080474, 1.5446202733917953], [255, -1.22905702863111, -2.536804769550883, -4.553955938910815, 1.1144356251010927], [256, 1.6214511704669041, -2.8905683151614356, -5.509479220507601, 0.5354502272380639]]
[[246, 1.6790932961508394, -2.1400693553433623, -3.473635672080474, 1.5446202733917953], [256, 1.631633153374496, -2.756979609709321, -5.157101091004967, 0.7021198787422847]]
[[256, 1.6655825328405676, -2.649881528595148, -6.021600377841416, 0.8213602044457227]]
[[256, 1.6879988435102176, -2.532306963698954, -5.643661836958483, 0.9169423391010953]]
[[256, 1.646940269176935, -2.341601822687692, -5.367723200854901, 0.9904430547712868], [258, 0.28425395680547927, -2.2676408660559737, -3.6200069433106763, 0.7928783896425795]]
[[256, 1.6093350462019842, -2.1658692250447533, -5.540314285034184, 1.0894242751083738], [258, 0.28720705438443195, -2.042781712788428, -3.715668344187885, 1.0966559079091152]]
[[256, 1.5827769884791203, -2.014817477901259, -5.4071547580827515, 1.1135916507177317], [258, 0.28061878672476276, -1.7916031343502299, -2.9178472100397403, 1.3428245576065692], [259, -2.5049205430333465, -3.855943702572925, -10.042446215454293, 1.7192598227667486]]
[[256, 1.5064188611465443, -1.8332248849664752, -2.5023287715061726, 1.2360628624858951], [258, 0.28061878672476276, -1.7916031343502299, -2.9178472100397403, 1.3428245576065692], [259, -2.5690215066657096, -4.140942550870218, -10.83421706490799, 1.6359058939433584], [260, -3.196859391454563, -4.158182571203445, -13.273633052877178, 2.666391786204485]]
[[256, 1.5064188611465443, -1.8332248849664752, -2.5023287715061726, 1.2360628624858951], [258, 0.28061878672476276, -1.7916031343502299, -2.9178472100397403, 1.3428245576065692], [259, -2.5690215066657096, -4.140942550870218, -10.83421706490799, 1.6359058939433584], [260, -3.196859391454563, -4.158182571203445, -13.273633052877178, 2.666391786204485], [262, -1.8541958928562017, -2.3859024491764056, -6.804935617688111, 1.1184819347602348]]
[[256, 1.5064188611465443, -1.8332248849664752, -2.5023287715061726, 1.2360628624858951], [259, -2.4463972446548263, -4.144760902994321, -7.633895848651305, 1.6061801019963795], [260, -3.0861284795309905, -4.145925844875669, -6.8854843352554145, 2.241233265674894], [262, -1.8546419849730271, -2.5024243407790046, -5.20744975152876, 1.2370558776642648]]
[[259, -2.3150152097974286, -4.140478175408081, -7.86006348927296, 1.413352647496799], [260, -2.8584525083944574, -3.9708604783955366, -6.376010867274478, 2.147694346459455], [262, -1.8546419849730271, -2.5024243407790046, -5.20744975152876, 1.2370558776642648]]
[[259, -2.2687906724976923, -4.311188543426157, -10.015370205416295, 1.4284399601744775], [260, -2.8584525083944574, -3.9708604783955366, -6.376010867274478, 2.147694346459455], [262, -1.8546419849730271, -2.5024243407790046, -5.20744975152876, 1.2370558776642648]]
[[259, -2.2631649192665733, -4.557618893147012, -9.656540649787487, 1.4453723523783482], [260, -2.5519005606810805, -3.69566864385393, -4.830320698608398, 2.2830313400369553]]
[[259, -2.2631649192665733, -4.557618893147012, -9.656540649787487, 1.4453723523783482], [260, -2.3976815359886765, -3.6652239651155654, -5.946150202300468, 2.1207072452002405]]
[[259, -2.2631649192665733, -4.557618893147012, -9.656540649787487, 1.4453723523783482], [260, -2.2812404368778156, -3.6795613844461124, -6.077363737889841, 1.6093924390807772]]
[[260, -2.2812404368778156, -3.6795613844461124, -6.077363737889841, 1.6093924390807772]]
[[260, -2.2812404368778156, -3.6795613844461124, -6.077363737889841, 1.6093924390807772]]
[[260, -2.2717009016114167, -3.970971247241818, -9.284162332485186, 1.8746847769442367]]
[[260, -2.2717009016114167, -3.970971247241818, -9.284162332485186, 1.8746847769442367]]
[[260, -2.2717009016114167, -3.970971247241818, -9.284162332485186, 1.8746847769442367], [264, -2.476938004061606, -3.0302694925553615, -7.121333901999363, 1.0276066816642555]]
[[264, -2.4818617508879117, -3.164370489020465, -7.598030455843311, 1.1485341796870485]]
[[264, -2.46591062143994, -3.2815609611251446, -7.165243424755243, 1.2180403880493456]]
[[264, -2.408822132392374, -3.338052150101191, -6.812406634683178, 0.9769437922710307]]
[[264, -2.3673262004605995, -3.4121356733631285, -7.662357010678104, 0.8657675153794961]]
[[264, -2.3673262004605995, -3.4121356733631285, -7.662357010678104, 0.8657675153794961]]
[[264, -2.3194982235278516, -3.526746546312013, -7.675722695352274, 0.8180039963859764]]
[[264, -2.274818047065757, -3.65659734830162, -7.398910437543234, 0.8209393289526867]]
[[264, -2.274818047065757, -3.65659734830162, -7.398910437543234, 0.8209393289526867]]
[[264, -2.274818047065757, -3.65659734830162, -7.398910437543234, 0.8209393289526867], [267, 1.9181420485326703, -2.4302158431744103, -5.032788076115631, 1.1023256709019833]]
[[267, 1.9181420485326703, -2.4302158431744103, -5.032788076115631, 1.1023256709019833]]
[[267, 1.9181420485326703, -2.4302158431744103, -5.032788076115631, 1.1023256709019833]]
[[270, -1.578193714538175, -2.1321601520094124, -5.5692647600926755, 1.259850719303369]]
[[270, -1.7813161031954838, -2.5843368110173244, -7.255955499447831, 1.9631720025702433], [271, 0.8432075948248279, -2.540316262569872, -4.684745062049688, 1.6017898624924154]]
[[270, -2.011834268248798, -3.1508701279311815, -13.216606851876827, 2.8148898418371133], [271, 0.888600770246467, -2.4245350132213472, -7.799234388013201, 1.5953079858728882]]
[[270, -2.021726126438766, -3.3345749291597357, -5.690268802207203, 2.995808175247304], [271, 0.896735954424452, -2.2084068144915654, -5.570453156164222, 1.634913951666181]]
[[270, -2.021726126438766, -3.3345749291597357, -5.690268802207203, 2.995808175247304], [271, 0.9223154673025387, -2.0259238452841277, -6.601412159486636, 1.5529846644152692]]
[[270, -1.9584437615621022, -3.4409868505333945, -6.765700731954316, 2.424929093980478], [271, 0.9223154673025387, -2.0259238452841277, -6.601412159486636, 1.5529846644152692], [272, 1.8250931692365886, -2.5778191723836916, -6.565556474517256, 1.2273518424123386]]
[[270, -1.9584437615621022, -3.4409868505333945, -6.765700731954316, 2.424929093980478], [271, 0.9223154673025387, -2.0259238452841277, -6.601412159486636, 1.5529846644152692], [272, 1.910296237646668, -2.569531299058681, -7.08720707937599, 1.3144383571246427]]
[[270, -1.9584437615621022, -3.4409868505333945, -6.765700731954316, 2.424929093980478], [272, 1.8762800147747103, -2.419446240766424, -5.5397055570673635, 1.1025523754517244], [273, 1.447661715790666, -2.8441860254662608, -5.023985450908753, 0.9781545915473495]]
[[272, 1.8828779538858034, -2.3094080959519245, -5.238119175528152, 1.008985835073405], [273, 1.5015028394063454, -2.761548000846401, -4.71011586152421, 1.0785316972429448]]
[[272, 1.8828779538858034, -2.3094080959519245, -5.238119175528152, 1.008985835073405], [273, 1.5357665826905422, -2.6386567108570924, -5.289551523976006, 1.1038441580868827], [277, -2.2301785622744235, -3.1240907962577635, -7.728821566897797, 0.9220412259322226]]
[[272, 1.8828779538858034, -2.3094080959519245, -5.238119175528152, 1.008985835073405], [273, 1.5583566604851515, -2.5046272282399307, -5.8481376486651415, 0.9510417848270677], [276, 2.03532761760481, -2.5645532486943363, -5.647630802384501, 0.6741792593498517], [277, -2.2608348854323097, -3.3268606852058684, -8.15002247654428, 1.164334198174494], [278, 1.4344884334051686, -2.6451093191532817, -5.01601217827102, 0.4343002136257271]]
[[273, 1.5667233529994964, -2.353815139311243, -5.327976597879135, 0.8890460470426292], [276, 2.004339883626361, -2.4206203786581386, -5.134531750241997, 0.8675040451374187], [277, -2.2680895939782673, -3.516954608990182, -6.960619460010994, 1.277575447269954], [278, 1.4145926413676773, -2.498520603680128, -4.099015396657581, 0.6155107780875314]]
[[273, 1.5609258909797272, -2.1959153737728845, -5.668240847048297, 0.9805200078795109], [276, 1.9277733297715423, -2.2468440501469797, -2.5549859765000034, 1.05010885554017], [277, -2.2680895939782673, -3.516954608990182, -6.960619460010994, 1.277575447269954], [278, 1.5350033498001214, -2.544660879275182, -5.519480509496434, 0.7543488927939097]]
[[273, 1.5631360610400897, -2.0585113658460488, -5.851063283661375, 1.0408312011342757], [276, 1.9277733297715423, -2.2468440501469797, -2.5549859765000034, 1.05010885554017], [277, -2.161883969920855, -3.530660252521005, -6.102040096737824, 1.2407058293885131], [278, 1.7520325629517828, -2.6997203059932495, -6.371832721223214, 0.971951264981086]]
[[273, 1.5573970434078224, -1.9309907743181118, -1.8070671870083639, 1.0432116980872748], [276, 1.9277733297715423, -2.2468440501469797, -2.5549859765000034, 1.05010885554017], [277, -2.161883969920855, -3.530660252521005, -6.102040096737824, 1.2407058293885131], [278, 1.9073851715455206, -2.7497109791770162, -6.695214757390617, 1.1274792890139365], [279, -2.5190749021207215, -3.9302495611461605, -9.104914687995965, 2.8742442991735215]]
[[273, 1.5573970434078224, -1.9309907743181118, -1.8070671870083639, 1.0432116980872748], [277, -2.014569525308687, -3.485235972676209, -6.793594710420755, 1.2418801157520332], [278, 1.9073851715455206, -2.7497109791770162, -6.695214757390617, 1.1274792890139365], [279, -2.5190749021207215, -3.9302495611461605, -9.104914687995965, 2.8742442991735215]]
[[273, 1.5573970434078224, -1.9309907743181118, -1.8070671870083639, 1.0432116980872748], [277, -2.0157987307689123, -3.688895006005326, -10.521133508665011, 1.2625806066530305], [278, 1.9073851715455206, -2.7497109791770162, -6.695214757390617, 1.1274792890139365], [279, -2.5190749021207215, -3.9302495611461605, -9.104914687995965, 2.8742442991735215]]
[[277, -1.9596734885814668, -3.719914690343872, -7.051829453235251, 1.0565532319542004], [279, -2.626570188646522, -4.434668580944655, -11.753049088725417, 3.09836474127477], [280, -1.1096557638744597, -1.8524886044773083, -4.465286226136475, 0.773012479739634]]
[[277, -1.9596734885814668, -3.719914690343872, -7.051829453235251, 1.0565532319542004], [279, -2.626570188646522, -4.434668580944655, -11.753049088725417, 3.09836474127477], [280, -1.1295322496378262, -2.0550758045254653, -5.4293923981599725, 0.9455868942340816]]
[[277, -1.9596734885814668, -3.719914690343872, -7.051829453235251, 1.0565532319542004], [279, -2.626570188646522, -4.434668580944655, -11.753049088725417, 3.09836474127477], [280, -1.1769634438693908, -2.325254850645466, -5.2322089179679026, 1.282882271718472], [282, -1.879605024999159, -2.347256466064754, -5.517110417943465, 1.9535518438732438]]
[[280, -1.2065504036247012, -2.594561908532075, -6.345945515966541, 1.590126562287979], [282, -1.929857561488205, -2.5272079240450602, -6.434439992711986, 2.107646112938793]]
[[280, -1.2065504036247012, -2.594561908532075, -6.345945515966541, 1.590126562287979], [282, -2.2169552039051053, -3.110669747747949, -10.331740651775402, 2.928990196557766]]
[[280, -1.2065504036247012, -2.594561908532075, -6.345945515966541, 1.590126562287979], [282, -2.5534669612836316, -3.7962819993071033, -13.227067456037979, 3.7693092976528333]]
[[282, -2.4774812351703264, -3.822731394112485, -5.812725732558991, 2.919070628393211], [285, 1.6545035718554257, -2.8244249665787136, -5.273652510306934, 0.8106583623883878]]
[[282, -2.584258400036212, -4.190666714330703, -10.08532183574241, 3.0745053626607244], [285, 1.6107405054414974, -2.62086654696092, -3.9535054205189066, 1.0116245775774613]]
[[282, -2.3990684605843495, -4.018842048635446, -4.880103332963501, 3.179036879510958], [285, 1.524665763269474, -2.357439896429293, -4.169089127988271, 1.2952356712006412]]
[[282, -2.3990684605843495, -4.018842048635446, -4.880103332963501, 3.179036879510958], [285, 1.4767416443693886, -2.1401138353224436, -5.4422096009060965, 1.498265827409226]]
[[282, -2.3990684605843495, -4.018842048635446, -4.880103332963501, 3.179036879510958], [285, 1.4233738470444448, -1.9338753777337514, -4.9055508182972485, 1.515688278624806]]
[[285, 1.3450916085619664, -1.7270505517660384, -2.251949577383489, 1.6984645941670304]]
[[285, 1.3450916085619664, -1.7270505517660384, -2.251949577383489, 1.6984645941670304]]
[[285, 1.3450916085619664, -1.7270505517660384, -2.251949577383489, 1.6984645941670304], [287, -0.9911489346905202, -1.6142444565070009, -8.263492616650465, 0.6698190576261028]]
[[287, -1.0202534102420917, -1.7386923725686436, -7.820594599165737, 0.7862885210411148]]
[[287, -1.058495239486208, -1.9013777750328433, -7.847435348024845, 0.9017051266523533], [288, -2.595775005783258, -3.2208685213817065, -4.695400134535891, 2.3378062268115034]]
[[287, -1.0936215746387312, -2.0687070288999667, -8.751641778865157, 0.9198833895812923], [288, -2.4902279533263605, -3.1942634251306625, -5.914625071107694, 1.7962559766106008]]
[[287, -1.1231291606678253, -2.2327502957781395, -8.448766198034226, 0.9094087029392686], [288, -2.3809006254547906, -3.1680882220878215, -5.31537251651139, 1.2158691699503585], [289, -1.139933470586973, -1.972103861437109, -4.953534105852274, 0.6671927754727257]]
[[287, -1.2294675850329522, -2.528487102321634, -7.6137045875524185, 1.097685419556377], [288, -2.3380298427025092, -3.2331997133810155, -5.495302419193614, 0.5693410652414048], [289, -1.1808368338818995, -2.2306254904662732, -5.307196936040284, 0.8015812966513076]]
[[287, -1.4192932309784347, -2.995279776599178, -9.803917160679942, 1.6793248531932168], [288, -2.3380298427025092, -3.2331997133810155, -5.495302419193614, 0.5693410652414048], [289, -1.1808368338818995, -2.2306254904662732, -5.307196936040284, 0.8015812966513076]]
[[287, -1.4192932309784347, -2.995279776599178, -9.803917160679942, 1.6793248531932168], [288, -2.2650445761303404, -3.268544375964045, -5.9067668421554185, 0.6295778662123223], [289, -1.1808368338818995, -2.2306254904662732, -5.307196936040284, 0.8015812966513076], [290, 0.2764977388191392, -2.2012636324892227, -4.00450464785884, 0.6074601750167359]]
[[287, -1.4192932309784347, -2.995279776599178, -9.803917160679942, 1.6793248531932168], [288, -2.2650445761303404, -3.268544375964045, -5.9067668421554185, 0.6295778662123223], [290, 0.281208125941805, -1.9751188664394619, -4.536346756081066, 0.8161553115365383]]
[[287, -1.55479605860433, -3.502572873189014, -8.736913578600609, 2.2337439924373386], [288, -2.2650445761303404, -3.268544375964045, -5.9067668421554185, 0.6295778662123223], [290, 0.27598389982927574, -1.729288572041507, -2.89174166852349, 1.1476221841252798]]
[[287, -1.55479605860433, -3.502572873189014, -8.736913578600609, 2.2337439924373386], [290, 0.27714008477041846, -1.5281479963366362, -3.4592416264839683, 1.2551942926057058]]
[[287, -1.55479605860433, -3.502572873189014, -8.736913578600609, 2.2337439924373386], [290, 0.27714008477041846, -1.5281479963366362, -3.4592416264839683, 1.2551942926057058]]
[[290, 0.27714008477041846, -1.5281479963366362, -3.4592416264839683, 1.2551942926057058], [294, 1.4062874034899593, -2.3726278211148344, -4.384210295638064, 1.059268006177787]]
[[294, 1.3019213438198483, -2.0530998697042966, -4.655094211558152, 1.1077657412308153]]
[[294, 1.2702259089692547, -1.8391232907112869, -5.400374768948316, 1.1679484381469238], [295, -1.938572944174923, -2.5745479071503454, -3.4203534710044385, 0.40956051690860873], [296, -1.653824262148352, -2.527934862993389, -5.702727725900479, 0.8432686489504224]]
[[294, 1.490900030881688, -1.921108390704725, -4.50900594543804, 1.1651336971373891], [295, -1.8356474129135154, -2.555539987569124, -4.533337150683914, 0.4522021082070207], [296, -1.7067938476885254, -2.7831168577965393, -6.551078244406658, 1.008981064178346]]
[[294, 1.490900030881688, -1.921108390704725, -4.50900594543804, 1.1651336971373891], [295, -1.7167807252045721, -2.521065201074737, -4.985109779656678, 0.4705300548051149], [296, -1.8314818363852674, -3.0877088108735196, -8.308516299427795, 1.168707638855159]]
[[294, 1.490900030881688, -1.921108390704725, -4.50900594543804, 1.1651336971373891], [295, -1.8701945854663389, -2.9891688414871487, -11.733526669915355, 0.8768459215988462], [296, -1.8076997081423216, -3.1270760631854126, -7.0401160019492135, 1.023538439931857]]
[[295, -1.8701945854663389, -2.9891688414871487, -11.733526669915355, 0.8768459215988462], [296, -1.7512170230625759, -3.0961944322605106, -5.1104665204352315, 0.8799509942168309]]
[[295, -1.8701945854663389, -2.9891688414871487, -11.733526669915355, 0.8768459215988462], [296, -1.6778435725637753, -3.0720528919548196, -7.473316692485088, 0.7084392840554771]]
[[296, -1.6165814352873846, -3.101364858101841, -9.293591225955092, 0.5767278688121349]]
[[296, -1.5704299920019307, -3.153209572850001, -9.692523741585534, 0.3376084496735278]]
[[296, -1.585356910793034, -3.3379894241418824, -9.572238604853888, 0.4720982204941941]]
[[296, -1.585356910793034, -3.3379894241418824, -9.572238604853888, 0.4720982204941941], [299, 0.7324097989572512, -3.3019450472656917, -6.218993148450112, 0.5779550466680539]]
[[296, -1.585356910793034, -3.3379894241418824, -9.572238604853888, 0.4720982204941941], [299, 0.7419098912769853, -3.1191753819856984, -4.4494383240379625, 0.7423877245296847]]
[[299, 0.8448193404945998, -3.218838273138693, -7.9846793280760355, 0.7716540841073904], [300, 1.4130691114803264, -3.0637256978525884, -6.115688452350856, 0.6958176371877404], [301, -2.449943071513943, -3.565410749919564, -8.822261755343098, 1.2034068368029547]]
[[299, 0.8510099961004448, -3.003969413169942, -4.795678480191321, 0.9520022774960182], [300, 1.4077121076823342, -2.8448722785986447, -5.736233019350001, 0.8493466546439837], [301, -2.3664264332027005, -3.597572388159903, -7.696943987251481, 0.9128332095958441]]
[[299, 0.9033774367726486, -2.8771683244214703, -7.941850363180398, 0.8279349382186328], [300, 1.4031733029833782, -2.617172617841302, -5.685093166345059, 1.0889029744981882], [301, -2.3568262712824337, -3.761059295729042, -8.524874243496967, 0.6270829846668586]]
[[299, 0.9218460674934886, -2.6947834645747784, -7.7383687692189325, 0.9860206416969859], [300, 1.3549568983964115, -2.3415264650493013, -4.940418198130652, 1.2571193781476304], [301, -2.3568262712824337, -3.761059295729042, -8.524874243496967, 0.6270829846668586], [302, -1.5000666536824259, -2.223272964510684, -6.335969573463806, 0.6339515457138726]]
[[299, 0.95475000860841, -2.508463731390451, -5.913971725302277, 1.053183083069968], [300, 1.2820552448041864, -2.0570088017619352, -4.725312769701451, 1.5058389127431748], [301, -2.3568262712824337, -3.761059295729042, -8.524874243496967, 0.6270829846668586], [302, -1.5000666536824259, -2.223272964510684, -6.335969573463806, 0.6339515457138726]]
[[299, 0.913232332497766, -2.211307136527408, -5.854813946549478, 1.3112493921037962], [300, 1.3391951312936603, -1.9422505446030913, -7.966091470338874, 1.468350725393884], [302, -1.5000666536824259, -2.223272964510684, -6.335969573463806, 0.6339515457138726]]
[[299, 0.9253571341259283, -2.076624523562776, -6.799254528317528, 1.2807415897510528], [300, 1.3391951312936603, -1.9422505446030913, -7.966091470338874, 1.468350725393884], [302, -1.4584544620584983, -2.3513130924191907, -5.2853776606246665, 0.6215322433293947]]
[[299, 0.9253571341259283, -2.076624523562776, -6.799254528317528, 1.2807415897510528], [300, 1.7487430374205042, -2.379298617783067, -22.03044961698938, 2.0912642283007004], [302, -1.4139521993420026, -2.4649518644390245, -4.692080008508579, 0.7156209079572199], [305, -1.6792969856965738, -2.305777776588188, -6.601106502053072, 1.1295027126638064]]
[[299, 0.9253571341259283, -2.076624523562776, -6.799254528317528, 1.2807415897510528], [300, 1.7487430374205042, -2.379298617783067, -22.03044961698938, 2.0912642283007004], [302, -1.4139521993420026, -2.4649518644390245, -4.692080008508579, 0.7156209079572199], [304, -2.3317427974854237, -2.751183529458543, -6.713499743147854, 0.8800005289740188], [305, -1.7448564964332267, -2.5698148128785165, -6.323522027720657, 1.389192288263229], [306, 0.9812938149679451, -1.935597338123968, -12.99810498166303, 0.9811723638010257]]
[[300, 1.7487430374205042, -2.379298617783067, -22.03044961698938, 2.0912642283007004], [302, -1.4139521993420026, -2.4649518644390245, -4.692080008508579, 0.7156209079572199], [304, -2.3573323235666424, -2.8942689082325295, -6.177751632005272, 1.0191031393155705], [305, -1.8127275595056522, -2.870883017420402, -6.798320521030967, 1.5441845898966056], [306, 0.9812938149679451, -1.935597338123968, -12.99810498166303, 0.9811723638010257]]
[[304, -2.4118155816640043, -3.071517436594525, -6.222128848277215, 1.086939468857593], [305, -1.8209623077803059, -3.062089407596062, -6.06382859690284, 1.550301576986135], [306, 0.9812938149679451, -1.935597338123968, -12.99810498166303, 0.9811723638010257]]
[[304, -2.4118155816640043, -3.071517436594525, -6.222128848277215, 1.086939468857593], [305, -1.8131958324293014, -3.2393787723290988, -6.605486684984875, 1.3958276378636152]]
[[304, -2.3930122776323213, -3.1907346659637277, -6.0389575311848676, 0.9819175758950017], [305, -1.8131958324293014, -3.2393787723290988, -6.605486684984875, 1.3958276378636152]]
[[304, -2.3969052549880803, -3.356698468141829, -8.575689474719116, 0.8823618381692533], [305, -1.8131958324293014, -3.2393787723290988, -6.605486684984875, 1.3958276378636152]]
[[304, -2.3969052549880803, -3.356698468141829, -8.575689474719116, 0.8823618381692533]]
[[304, -2.3969052549880803, -3.356698468141829, -8.575689474719116, 0.8823618381692533]]
[[308, -2.444315500374728, -3.154388633391406, -8.963389487387573, 1.6496713650714732]]
[[308, -2.4307059557064727, -3.2627412679748256, -5.808623237210559, 1.4668368537933767]]
[[308, -2.3813044568940853, -3.338870176584795, -7.00148363228265, 1.4796348530401917]]
[[308, -2.3346960336055127, -3.4247610645382407, -7.831345495640067, 1.5192042942638084]]
[[308, -2.217302885950651, -3.396070935825771, -6.060470030412239, 1.0821748746741158], [309, -1.990810097702854, -2.4773195170188025, -6.423964157382174, 0.3764131044596387]]
[[308, -2.217302885950651, -3.396070935825771, -6.060470030412239, 1.0821748746741158], [309, -1.9813266346245544, -2.590548564647513, -6.3419528350781205, 0.39923858763963765]]
[[308, -2.217302885950651, -3.396070935825771, -6.060470030412239, 1.0821748746741158], [309, -1.9588372125937719, -2.680423123649688, -5.551512362941313, 0.4483809453834004], [310, 0.6072978092914407, -2.450056608805034, -5.058902516064415, 0.4198640050369008], [311, -2.4407062941316062, -3.010033776634101, -6.240073963431099, 0.5571854137467953], [312, 1.3084720493929032, -2.8652087608134034, -5.409089857056962, 0.5361931010452679]]
[[309, -2.000132148430306, -2.858402037493721, -9.939800748703068, 0.5968664274374224], [310, 0.5994370113810943, -2.2696481071313195, -5.231536881161042, 0.5705887232736725], [311, -2.4374974001353356, -3.1407802149698707, -6.897945637636285, 0.617380382896106], [312, 1.3173098288928693, -2.659862364384977, -5.224709617380638, 0.6759209694553945]]
[[309, -2.000132148430306, -2.858402037493721, -9.939800748703068, 0.5968664274374224], [310, 0.6131214365042392, -2.118986721985792, -4.61679893171896, 0.6559798495600123], [311, -2.335527490537155, -3.1650300053395943, -7.806151640998547, 0.5604739701786532], [312, 1.3377723532433148, -2.4713394417637837, -5.873784143072148, 0.7928832740431272]]
[[309, -2.000132148430306, -2.858402037493721, -9.939800748703068, 0.5968664274374224], [310, 0.6511805182165131, -2.008118954633674, -4.318680556050882, 0.6834145177219308], [311, -2.2452982269686883, -3.2415098282122683, -6.817356287963909, 0.5658345273168024], [312, 1.326988335365565, -2.254063714284353, -5.461977853794173, 0.8764435109362336]]
[[310, 0.7374824889984004, -1.982738161335503, -5.261556475024117, 0.7168845343423327], [311, -2.2017803806349963, -3.3804620110126677, -7.865734935300766, 0.5916695441160382], [312, 1.2781730455562008, -2.009844773162309, -4.811535081535793, 1.0339133347523615]]
[[310, 0.8264674217107151, -1.959340178965152, -5.426118593510615, 0.6515203750125542], [311, -2.2017803806349963, -3.3804620110126677, -7.865734935300766, 0.5916695441160382], [312, 1.3480847405055059, -1.920165286723359, -7.828040468631905, 1.0031327672283783]]
[[310, 0.8115463915878943, -1.7671037903073934, -5.99854807479768, 0.618685690912], [311, -2.151128352122856, -3.5114604391106266, -9.597064404976143, 0.6168224168486375], [312, 1.3480847405055059, -1.920165286723359, -7.828040468631905, 1.0031327672283783]]
[[310, 0.8115463915878943, -1.7671037903073934, -5.99854807479768, 0.618685690912], [311, -2.100467803677298, -3.643649752630798, -7.782551024446194, 0.6447047597904267], [312, 1.3480847405055059, -1.920165286723359, -7.828040468631905, 1.0031327672283783]]
[[310, 0.8115463915878943, -1.7671037903073934, -5.99854807479768, 0.618685690912], [311, -2.040470665245812, -3.741812052849032, -8.357422683120502, 0.6840737959521014]]
[[311, -2.022480433328781, -3.8893365119424677, -8.220416397341065, 0.7658755125954563], [314, -2.6676551125296752, -3.0850476611296296, -6.230313417566204, 1.2530359976780185]]
[[311, -2.022480433328781, -3.8893365119424677, -8.220416397341065, 0.7658755125954563], [314, -2.6934726445092956, -3.273374344411222, -8.365426191535153, 1.3981224994622736], [315, -1.4318366940663214, -1.962332654072642, -4.766949862367263, 0.8684173433216419], [316, -2.127661175111672, -3.011455965735531, -7.103336508232789, 0.9911699837850547]]
[[311, -2.022480433328781, -3.8893365119424677, -8.220416397341065, 0.7658755125954563], [314, -2.6934726445092956, -3.273374344411222, -8.365426191535153, 1.3981224994622736], [315, -1.5178354705900103, -2.2772253503879822, -6.624950480791296, 1.288595735231633], [316, -2.127661175111672, -3.011455965735531, -7.103336508232789, 0.9911699837850547]]
[[314, -2.6934726445092956, -3.273374344411222, -8.365426191535153, 1.3981224994622736], [315, -1.5227234484768741, -2.4432327805888043, -4.836953736470233, 1.4302082989460894], [316, -2.2137928751409133, -3.263995764459005, -8.536158029377791, 1.3208599796410365]]
[[315, -1.5155097871300554, -2.6026187592233385, -5.663199798951415, 1.4439575840117789], [316, -2.2137928751409133, -3.263995764459005, -8.536158029377791, 1.3208599796410365]]
[[315, -1.5155097871300554, -2.6026187592233385, -5.663199798951415, 1.4439575840117789], [316, -2.174480951468134, -3.3719847900239763, -8.958769608626033, 1.3265938409841984], [318, 1.2935261126843454, -2.3535752754396606, -5.116013390948731, 0.8584702248459164], [319, 0.7665411927873539, -2.919014019092754, -6.9963943378496, 1.4134888035805084], [320, -2.1943918425851465, -2.9916834650376516, -7.185120182804034, 1.4949366792750178]]
[[315, -1.5155097871300554, -2.6026187592233385, -5.663199798951415, 1.4439575840117789], [316, -2.174480951468134, -3.3719847900239763, -8.958769608626033, 1.3265938409841984], [318, 1.2563951799097897, -2.0979109554143913, -4.628590631900279, 1.1743161921422325], [319, 0.8281868265942046, -2.9258553322346055, -5.315112213497395, 1.1050250227680427], [320, -2.3167412232276714, -3.3084133287101856, -10.777539446735851, 1.9243762688642136]]
[[316, -2.174480951468134, -3.3719847900239763, -8.958769608626033, 1.3265938409841984], [318, 1.2971228998158142, -1.9463422411858697, -7.039438312269247, 1.2943366963498937], [319, 0.8979375190829368, -2.931170268417341, -5.8619266851642475, 1.1008152876919264], [320, -2.3167412232276714, -3.3084133287101856, -10.777539446735851, 1.9243762688642136], [321, -2.8523022044132214, -3.4481614684620654, -7.354356499876771, 1.3679243327169364], [322, -1.6163020437922702, -2.213218319295112, -4.896087010331802, 0.6926231032906236]]
[[318, 1.2971228998158142, -1.9463422411858697, -7.039438312269247, 1.2943366963498937], [319, 0.9889287792343608, -2.9826898656196192, -6.353477299677019, 0.9254959987323197], [320, -2.3167412232276714, -3.3084133287101856, -10.777539446735851, 1.9243762688642136], [321, -2.8523022044132214, -3.4481614684620654, -7.354356499876771, 1.3679243327169364], [322, -1.5457322693314914, -2.256680809624369, -5.212681950637045, 0.7233812995678631], [323, 1.7310825513580474, -3.338364329822207, -5.29112929518261, 0.8170969421805999]]
[[318, 1.2971228998158142, -1.9463422411858697, -7.039438312269247, 1.2943366963498937], [319, 1.0530618108153762, -2.9229541726976906, -5.123719528895502, 0.6731443125268534], [321, -2.8523022044132214, -3.4481614684620654, -7.354356499876771, 1.3679243327169364], [322, -1.6231211412757331, -2.5727476855994915, -7.022426756013564, 0.9107484617742655], [323, 1.700474304458317, -3.0805124848677066, -5.463037233083795, 1.0267274904251669]]
[[319, 1.103547791247121, -2.806122081644929, -5.103886687400786, 0.6293953832347989], [322, -1.766152721451157, -3.055168882956745, -9.659027148204022, 1.4981993390755268], [323, 1.689465762527035, -2.849869421579828, -5.868084519723832, 1.2136819616738617]]
[[319, 1.1643765306994194, -2.707921973290321, -5.279752510259053, 0.6810720331184311], [322, -1.9635933341096443, -3.662273409527814, -9.240062470872461, 2.1522297043973078], [323, 1.6033376225590437, -2.538018373444528, -4.453102255911819, 1.500469800105209], [324, 1.0161944520297126, -2.2594688517869246, -4.853360296672765, 2.4252557274503723]]
[[319, 1.2049938888433571, -2.570260506828985, -5.576028383909483, 0.7737365166952312], [322, -1.9601128904696237, -3.83322877256949, -5.980205660185073, 2.2513872997645383], [323, 1.540754727661606, -2.276582357882894, -5.242828620492046, 1.7291744718350668], [324, 0.9674643564326462, -1.9809210935602795, -4.933013626036639, 2.574319575380174], [325, -1.0613769870582015, -1.6757171821196386, -3.2474023773209684, 0.555936912980237]]
[[319, 1.1654969408401377, -2.306710193431343, -3.7987006753351324, 0.9771069056797902], [322, -1.8789591327026918, -3.818740839608161, -7.261268575801127, 2.242678907640991], [323, 1.4925819153232256, -2.055440093224288, -5.37831520662198, 1.721388436305111], [324, 0.9830985900820324, -1.822303995270999, -6.091506579371879, 2.30545588198781], [325, -1.001216090253486, -1.6836203271536196, -3.130005545679486, 0.5439146906859664]]
[[319, 1.1077342430106272, -2.020247317486819, -4.542504751999386, 1.1882161259892579], [322, -2.042260587787877, -4.358996686578766, -13.16490183869319, 2.4364341563010017], [323, 1.4874756181094588, -1.9076426767869876, -2.1468642403249985, 1.533152737288113], [324, 0.9830985900820324, -1.822303995270999, -6.091506579371879, 2.30545588198781], [325, -0.9757251831707716, -1.7766178229756826, -4.046701169683997, 0.5063160612384874]]
[[319, 1.0327537217736182, -1.7389512717952718, -5.009317524459344, 1.3197283244944735], [322, -2.042260587787877, -4.358996686578766, -13.16490183869319, 2.4364341563010017], [323, 1.4874756181094588, -1.9076426767869876, -2.1468642403249985, 1.533152737288113], [324, 0.9830985900820324, -1.822303995270999, -6.091506579371879, 2.30545588198781], [325, -0.9757251831707716, -1.7766178229756826, -4.046701169683997, 0.5063160612384874], [326, 1.1670294455643138, -3.3839838170441494, -6.0390258520398525, 0.48681803343793345]]
[[319, 1.0327537217736182, -1.7389512717952718, -5.009317524459344, 1.3197283244944735], [322, -2.042260587787877, -4.358996686578766, -13.16490183869319, 2.4364341563010017], [323, 1.4874756181094588, -1.9076426767869876, -2.1468642403249985, 1.533152737288113], [325, -1.020274602810026, -2.0852721651869044, -5.466183840233009, 0.6924797683697363], [326, 1.2087884053807576, -3.249226398923903, -5.548222150722837, 0.5984049576589549]]
[[319, 1.0327537217736182, -1.7389512717952718, -5.009317524459344, 1.3197283244944735], [325, -1.0091947237848622, -2.249513410226334, -4.580482969608346, 0.8013029790056159], [326, 1.2340652744436555, -3.0738952845257383, -5.226724562669848, 0.7525235481606073]]
[[325, -1.0382581463706462, -2.4943848137248574, -4.674996509185727, 1.0585303877753607], [326, 1.238357838113393, -2.868520120994997, -4.883065152220352, 0.8406869534727498], [327, -2.2595280229954056, -2.723856280731852, -7.555925928239939, 1.391436114815575], [328, -1.643156272520249, -2.2502617031554952, -6.6084957658796, 0.8694122567099051]]
[[325, -1.0965119039479045, -2.8197445103485306, -5.571355963391153, 1.4583322809675237], [326, 1.2678650079775493, -2.7030581846552373, -6.2720945264570815, 0.9702128092439164], [327, -2.353223793241593, -2.9653419809312167, -7.4757194203054915, 1.570897977035329], [328, -1.685529486765295, -2.4640896236970593, -6.760390219442953, 1.1540973978479294]]
[[325, -1.0965119039479045, -2.8197445103485306, -5.571355963391153, 1.4583322809675237], [326, 1.2684715550299717, -2.5042182570625915, -4.844123004529329, 1.1629531712859535], [327, -2.409049503367093, -3.1686654835696877, -7.178747496904634, 1.5984004756155887], [328, -1.6989019069793514, -2.6426594936288383, -6.708098380921749, 1.30045562511167]]
[[325, -1.0965119039479045, -2.8197445103485306, -5.571355963391153, 1.4583322809675237], [326, 1.245982470654218, -2.276505115249003, -5.6420918784035, 1.2939730124744113], [327, -2.4393116230919003, -3.354426818630564, -6.854068061875607, 1.5461262591794205], [328, -1.7197544458012204, -2.850048905552944, -5.889762394142293, 1.3881271510240947]]
[[326, 1.2205554231317464, -2.0576326750267473, -5.935563684644893, 1.3419674134343118], [327, -2.427445422840376, -3.479306577350757, -7.386478365479324, 1.376832321819173], [328, -1.665246602864159, -2.9188879323327015, -5.630151576939662, 1.2256450865794961], [329, 0.8878503996263865, -2.83350046171649, -4.63101403934349, 0.6333916328583048], [330, 1.5574281696509193, -3.2455044312721255, -5.456582101150794, 0.6957447514191142]]
[[326, 1.1767747285235375, -1.8337832705837012, -5.328144448657161, 1.3156714000771443], [327, -2.427445422840376, -3.479306577350757, -7.386478365479324, 1.376832321819173], [328, -1.665246602864159, -2.9188879323327015, -5.630151576939662, 1.2256450865794961], [329, 0.8844423330430173, -2.6092461360253765, -4.8507974201540405, 0.8644851152603487], [330, 1.5627882922943517, -3.0766608425496704, -6.163457536206111, 0.8155771317371489]]
[[326, 1.2499701535460672, -1.75713890038858, -7.244756896593688, 1.1880346718547656], [327, -2.427445422840376, -3.479306577350757, -7.386478365479324, 1.376832321819173], [328, -1.665246602864159, -2.9188879323327015, -5.630151576939662, 1.2256450865794961], [329, 0.860603840118091, -2.3476459157038514, -4.612406872252575, 0.9785440681671165], [330, 1.5366943368021149, -2.8641349673731646, -4.921709418407332, 1.005619688838248]]
[[326, 1.2499701535460672, -1.75713890038858, -7.244756896593688, 1.1880346718547656], [329, 0.8548547214151319, -2.128057627485428, -4.614331938625865, 1.099717276255871], [330, 1.7808204053862968, -3.0796832439090656, -8.736931743063527, 1.2423147121329738]]
[[326, 1.2499701535460672, -1.75713890038858, -7.244756896593688, 1.1880346718547656], [329, 0.852634803185879, -1.9141675393872755, -5.0897700747833365, 1.1854445472137631], [330, 1.8324714692260415, -2.9786191609980746, -6.329712989819244, 1.1156982604304244]]
[[329, 0.9299547140000028, -1.8210419683597714, -7.097545384816962, 1.1090120158773034], [330, 2.083749653326565, -3.0891271843073613, -6.81781378763316, 1.1400217000823407], [332, -1.2150289250761437, -2.1216916971983992, -4.986655865034322, 0.6603245160228897]]
[[329, 1.3582699107759715, -2.1977446304674233, -13.487802608393366, 1.3863334507843095], [330, 2.083749653326565, -3.0891271843073613, -6.81781378763316, 1.1400217000823407], [332, -1.2206886067063674, -2.3404641638669497, -5.365520059245099, 0.6845407412176695]]
[[329, 1.3582699107759715, -2.1977446304674233, -13.487802608393366, 1.3863334507843095], [330, 2.140311389919435, -2.9638288088504456, -9.05944211425616, 1.1049789973876512], [332, -1.1965225803697948, -2.5016218309369918, -4.652935214835129, 0.7688806105232795]]
[[329, 1.3582699107759715, -2.1977446304674233, -13.487802608393366, 1.3863334507843095], [330, 2.140311389919435, -2.9638288088504456, -9.05944211425616, 1.1049789973876512], [332, -1.1640886370882582, -2.6442612208591116, -5.368498399864533, 0.8498839494208538]]
[[330, 2.1438903649504963, -2.780602145611326, -7.119455636673951, 1.0347309916782745], [332, -1.1640886370882582, -2.6442612208591116, -5.368498399864533, 0.8498839494208538]]
[[330, 2.057784115618837, -2.535428471714667, -3.5333877409781724, 0.9039947668567134], [332, -1.1640886370882582, -2.6442612208591116, -5.368498399864533, 0.8498839494208538], [334, -2.3146600238731168, -3.3764770990902204, -6.940232514783107, 1.0000219866101179]]
[[330, 2.057784115618837, -2.535428471714667, -3.5333877409781724, 0.9039947668567134], [334, -2.210534422611601, -3.382627108035453, -5.32723774787603, 0.89740785087637]]
[[330, 2.057784115618837, -2.535428471714667, -3.5333877409781724, 0.9039947668567134], [334, -2.275099029733664, -3.7294735803220895, -7.8264742267933425, 0.9756146604119449]]
[[334, -2.275099029733664, -3.7294735803220895, -7.8264742267933425, 0.9756146604119449]]
[[334, -2.275099029733664, -3.7294735803220895, -7.8264742267933425, 0.9756146604119449]]
[]
[[335, 1.2859166027251792, -3.1548497713032773, -5.160204369365427, 0.8913190257873618]]
[[335, 1.276029242155942, -2.9460024191029435, -5.425302035951671, 1.0219062341907088]]
[[335, 1.2629880600118977, -2.7188047749610713, -5.785319642590686, 1.1812321790847418]]
[[335, 1.2561878895126277, -2.5073841069459664, -5.230831356964335, 1.3408212461481246]]
[[335, 1.229453461783876, -2.269541083023279, -5.087188291937788, 1.4040657015966482], [336, 0.6400084660316193, -2.288253113553739, -2.9800567561483127, 0.9749880097027985]]
[[335, 1.2049894545627817, -2.050235379836817, -5.202019581966259, 1.4111237594549195], [336, 0.6941687299407405, -2.288596921045625, -5.354298108968551, 0.9634927171005291]]
[[335, 1.1570279940347539, -1.824865279136933, -4.826150409616396, 1.4871886777446277], [336, 0.7819535267004722, -2.3645056062873495, -5.047980893624075, 0.9065321038833977]]
[[335, 1.1762202632459997, -1.6944325848260138, -6.608768927169352, 1.3346491164676102], [336, 0.8513358273335601, -2.375814129489528, -4.637884337601151, 0.7338019147252808]]
[[335, 1.1762202632459997, -1.6944325848260138, -6.608768927169352, 1.3346491164676102], [336, 0.949351634979647, -2.3968186527187867, -5.7207278327027264, 0.6311632260687465]]
[[335, 1.1762202632459997, -1.6944325848260138, -6.608768927169352, 1.3346491164676102], [336, 1.0122936530423974, -2.336006029333043, -5.134314719161664, 0.5066216633983972]]
[[336, 1.062643648299526, -2.2395379709800505, -5.301005988797497, 0.5609666599731452]]
[[336, 1.0652838709911416, -2.059748233803396, -4.8628551387582934, 0.5648832650932379], [339, 1.0916369962086305, -1.8780927908675826, -10.05893923705717, 1.2580363131902481]]
[[336, 1.0355493180771456, -1.8398827603988723, -4.6681006371257805, 0.6435642188882716], [338, 2.216291411018477, -2.744124841133076, -4.91579435288453, 0.4695363244157062], [339, 1.0916369962086305, -1.8780927908675826, -10.05893923705717, 1.2580363131902481], [340, 2.274302656640791, -3.431229027785399, -7.2013821548757955, 0.4401743462418917]]
[[336, 1.0189421630290596, -1.6549362243253605, -5.135784813868894, 0.7335247846812109], [338, 2.208160645442062, -2.6206934180655086, -5.036086106554868, 0.5474251131645557], [339, 1.0916369962086305, -1.8780927908675826, -10.05893923705717, 1.2580363131902481], [340, 2.3030518004626988, -3.3018819741320105, -7.148946533528526, 0.5316950005046], [341, 0.8587324961410396, -2.9204582644001564, -7.845794209707389, 0.5881046989144126]]
[[336, 1.1602936687954868, -1.6652128268819952, -8.37235710446593, 0.7701633323979953], [338, 2.144946118840025, -2.459532484990143, -2.028886503945204, 0.5891659520326835], [340, 2.25897055217287, -3.0953574260057075, -6.463628574390935, 0.6296468736848858], [341, 0.8771588683866132, -2.849775488883629, -4.330505100163811, 0.6077553783148342]]
[[336, 1.1602936687954868, -1.6652128268819952, -8.37235710446593, 0.7701633323979953], [338, 2.144946118840025, -2.459532484990143, -2.028886503945204, 0.5891659520326835], [340, 2.25897055217287, -3.0953574260057075, -6.463628574390935, 0.6296468736848858], [341, 0.9170441794637463, -2.8336540290555403, -5.604018162238328, 0.48510981387888935]]
[[336, 1.1602936687954868, -1.6652128268819952, -8.37235710446593, 0.7701633323979953], [338, 2.1233359747811402, -2.3756353353016615, -6.326904203962469, 0.5793919438329969], [340, 2.25897055217287, -3.0953574260057075, -6.463628574390935, 0.6296468736848858], [341, 0.9888730877071562, -2.870762832953271, -6.6386576956525065, 0.5073514694462755]]
[[338, 2.1233359747811402, -2.3756353353016615, -6.326904203962469, 0.5793919438329969], [341, 1.0252822467935991, -2.8092323537461668, -5.975004520864367, 0.5415908519527539]]
[[338, 2.1233359747811402, -2.3756353353016615, -6.326904203962469, 0.5793919438329969], [341, 1.0910436897725155, -2.8146573891083433, -6.422252661046945, 0.35325294587299794], [344, 0.9745154007323737, -2.7324693677934118, -5.997207539069247, 0.5472807220037413]]
[[341, 1.1275743877299345, -2.744936087593357, -5.110365794263433, 0.3652017404487985], [344, 1.0026006890469694, -2.578490921356417, -5.6201024853106105, 0.6692524183229402]]
[[341, 1.2923524482559867, -2.873629349908583, -8.767375005133609, 0.5456386341624446], [344, 0.9889311412363333, -2.330153706161343, -4.714600052404548, 0.8130176100404534], [345, -2.218915408929642, -3.5143614273685664, -5.363400218640402, 0.8640025943401388]]
[[341, 1.3924780186554542, -2.860434727873584, -8.031813787840127, 0.5449695708799386], [344, 0.9707111932744041, -2.0816986884042126, -5.075109257780278, 0.9105510430819624], [345, -2.071811659843946, -3.4047741034436, -6.020916110634095, 0.7014135644654802]]
[[341, 1.4595966055138272, -2.784639407862977, -8.20251393753793, 0.5774175686589057], [344, 1.10938790779611, -2.0692084450733113, -8.948202474764498, 0.9623533066246402], [345, -2.071811659843946, -3.4047741034436, -6.020916110634095, 0.7014135644654802]]
[[341, 1.35995464173369, -2.459808448987616, -4.9085894371465875, 0.7945182061925594], [344, 1.10938790779611, -2.0692084450733113, -8.948202474764498, 0.9623533066246402], [345, -1.9730696811278188, -3.4231574890619, -6.023216906808599, 0.7404733132233335]]
[[341, 1.2683489924560207, -2.1555474143318443, -5.390364529713988, 0.9306618456461553], [344, 1.10938790779611, -2.0692084450733113, -8.948202474764498, 0.9623533066246402], [345, -1.9061953989137517, -3.4871102347308627, -6.269829381621013, 0.6878994807463172], [346, 1.8579275118529295, -3.514107661508567, -9.95379693707022, 0.6309350736972208]]
[[341, 1.2158862790615257, -1.92117275468373, -5.975714010433423, 0.9561926611818727], [345, -1.84541088562605, -3.5370175086165325, -5.991761674782479, 0.6137881533620917], [346, 1.8852568697838028, -3.410000317294, -5.489847829500137, 0.6586369286489464]]
[[341, 1.2158862790615257, -1.92117275468373, -5.975714010433423, 0.9561926611818727], [345, -1.84541088562605, -3.5370175086165325, -5.991761674782479, 0.6137881533620917], [346, 1.9262796648314158, -3.28979661162718, -6.409209124075589, 0.6927652941166269]]
[[341, 1.2158862790615257, -1.92117275468373, -5.975714010433423, 0.9561926611818727], [345, -1.84541088562605, -3.5370175086165325, -5.991761674782479, 0.6137881533620917], [346, 1.9406710943853427, -3.1296644127875424, -6.64160089319006, 0.6868299508925387]]
[[346, 1.8861568020706136, -2.8874926104865613, -6.49662482104906, 0.7757677144866338]]
[[346, 1.8861568020706136, -2.8874926104865613, -6.49662482104906, 0.7757677144866338]]
[[346, 1.8161329097949372, -2.6164339544763573, -6.435493054306358, 0.8378652335076161], [348, 1.6297024097484245, -3.198903936659256, -6.889779045266422, 0.47065874139988556], [351, 0.829925960914054, -2.347272967073407, -5.208942238470644, 0.3385155636508469]]
[[346, 1.74478134209929, -2.3561168189214747, -5.861239812398491, 0.9760789805735335], [348, 1.6438164194160696, -3.0362890309084762, -5.078159615337747, 0.5449087475382679], [351, 0.8845562645241987, -2.272941510808418, -5.651823142314245, 0.401614670754271]]
[[346, 1.7183284348250871, -2.1766563985307563, -3.8917982188739586, 1.0406457363923924], [348, 1.6409005493654443, -2.8319292132700804, -6.741504386962065, 0.6571874225796528], [351, 1.0031102725869294, -2.2938961392298802, -7.788364928145659, 0.3786436400325646]]
[[346, 1.7183284348250871, -2.1766563985307563, -3.8917982188739586, 1.0406457363923924], [348, 1.5710411999307003, -2.555083298596387, -5.761291906043776, 0.878649459009566], [351, 1.0049350259637415, -2.1121285527958618, -4.774548498160013, 0.5041226429622298]]
[[346, 1.7183284348250871, -2.1766563985307563, -3.8917982188739586, 1.0406457363923924], [348, 1.5131363641196782, -2.307155448233232, -5.408200505216131, 1.0480078831082236], [351, 0.9650971431123619, -1.8737599561005949, -4.914695376494899, 0.7133010497163819]]
[[348, 1.4779379135518917, -2.104146830760399, -6.19552495295484, 1.0649864031071457], [351, 0.9718654793106015, -1.703924680176761, -5.936054305981391, 0.7687107516920477], [352, 2.376878686786949, -2.9571275579930028, -6.424965760005986, 0.49034244209444067]]
[[348, 1.4152519622137156, -1.8941056929626632, -5.315809948010224, 1.0919874921097679], [351, 1.1827516509264546, -1.7923531301929594, -10.121049626412486, 0.8693554676966573], [352, 2.351401789562479, -2.8220838607344647, -5.964790880662429, 0.5136924119985318], [353, 1.2644855901336336, -2.968648583355065, -6.484433468274071, 0.30458242912865485]]
[[348, 1.3282814074299183, -1.6852290408793769, -2.2526408944715257, 1.1550843177196848], [351, 1.1827516509264546, -1.7923531301929594, -10.121049626412486, 0.8693554676966573], [352, 2.3168779049974706, -2.6864213240554338, -4.95201127174243, 0.6078384070153766], [353, 1.2860877399143356, -2.829054370543611, -5.735104012804442, 0.3860807059725107]]
[[348, 1.3282814074299183, -1.6852290408793769, -2.2526408944715257, 1.1550843177196848], [351, 1.1827516509264546, -1.7923531301929594, -10.121049626412486, 0.8693554676966573], [352, 2.3168779049974706, -2.6864213240554338, -4.95201127174243, 0.6078384070153766], [353, 1.2925934062379345, -2.650079613651746, -5.335910608963619, 0.49790786740810866], [354, 0.3380892502460175, -2.254764292218479, -3.771473686483565, 0.504774003822037], [355, -1.150062707698792, -2.094357245781108, -5.226517422710676, 0.6250350284877644]]
[[348, 1.3282814074299183, -1.6852290408793769, -2.2526408944715257, 1.1550843177196848], [352, 2.3168779049974706, -2.6864213240554338, -4.95201127174243, 0.6078384070153766], [353, 1.2462695474618957, -2.3964904235325006, -5.592726210757173, 0.6993095584596388], [354, 0.346648889944042, -2.029678895740588, -3.650226115516784, 0.7079934981755704], [355, -1.2037687084438984, -2.3753565463803685, -6.001551827095485, 0.8968656209623166]]
[[353, 1.206828037201389, -2.1578952313690762, -4.982999513881758, 0.8820507570418238], [354, 0.346648889944042, -2.029678895740588, -3.650226115516784, 0.7079934981755704], [355, -1.2353544067919948, -2.6212643074560935, -5.548860939932464, 1.0877681282938028]]
[[353, 1.1867068383829409, -1.9607463179221116, -5.752638115372282, 0.9874482138359427], [354, 0.346648889944042, -2.029678895740588, -3.650226115516784, 0.7079934981755704], [355, -1.2164019814343447, -2.771954356687395, -4.71752428222549, 1.0782724580730951]]
[[353, 1.245099800328105, -1.8615653754513246, -7.982947159753959, 0.9246743017749433], [355, -1.2164019814343447, -2.771954356687395, -4.71752428222549, 1.0782724580730951]]
[[353, 1.5801409617239492, -2.0801474338221073, -11.554031913094725, 1.1804858457961915], [355, -1.2164019814343447, -2.771954356687395, -4.71752428222549, 1.0782724580730951]]
[[353, 1.5801409617239492, -2.0801474338221073, -11.554031913094725, 1.1804858457961915], [356, -1.4161716407929532, -2.7054049965970943, -7.901993439056097, 0.5662319702961861]]
[[353, 1.5801409617239492, -2.0801474338221073, -11.554031913094725, 1.1804858457961915], [356, -1.3760170110707843, -2.8220462080910806, -5.55160314116752, 0.5864454269538784]]
[[356, -1.3426098470326724, -2.962431876611162, -5.815544510184762, 0.6686127445781592], [359, 1.2184618126037954, -3.0185587594128878, -4.813990750999039, 0.6737987589502021]]
[[356, -1.329957441432966, -3.1754173628519666, -7.395291974843066, 0.8775805700937596], [358, 0.31970318695201316, -2.18636619582201, -4.496536930622893, 0.4978552931583943], [359, 1.2037634955872911, -2.8046385974644448, -4.520464113969761, 0.8430473724436126], [360, -2.0367073501588964, -3.224663869756255, -8.985308763504666, 1.2017021586741898]]
[[356, -1.3032874205154172, -3.329624836430897, -6.452641378290241, 0.9234974047790405], [358, 0.315752244180626, -1.9374753215498925, -3.953679493976021, 0.6238843481693069], [359, 1.2003651310578474, -2.606490242526907, -5.298825769053995, 0.8456884226325245], [360, -2.1247398215164104, -3.5271149871155956, -6.882536614211214, 1.2225045213809267], [361, -1.501382003743916, -2.3590564700258625, -7.2759104533458, 1.3654823080789917]]
[[356, -1.3032874205154172, -3.329624836430897, -6.452641378290241, 0.9234974047790405], [358, 0.34866274286283483, -1.7757459690217337, -7.199820737487155, 0.729457359164926], [359, 1.1917076139120195, -2.3946483456103724, -4.515040913954905, 0.9980707228803338], [360, -2.1456055118223625, -3.797368011344245, -10.739559707935852, 1.314601533758014], [361, -1.4775110138017042, -2.5417463771454716, -5.047434680529767, 1.275445754305132]]
[[356, -1.3032874205154172, -3.329624836430897, -6.452641378290241, 0.9234974047790405], [358, 0.34866274286283483, -1.7757459690217337, -7.199820737487155, 0.729457359164926], [359, 1.15865784859175, -2.15194718238701, -4.653522274958827, 0.9547769296200131], [360, -2.230326914507485, -4.169694128557212, -9.963524182296045, 1.339636619634696], [361, -1.4212678545109947, -2.648867343000944, -4.771827452409542, 0.9966958577347016]]
[[358, 0.34866274286283483, -1.7757459690217337, -7.199820737487155, 0.729457359164926], [359, 1.1415717083022892, -1.9521093831723784, -5.287698946213305, 1.009893836316719], [360, -2.3351057033433533, -4.557070025886729, -9.440004759495741, 1.7271780109661652], [361, -1.330352932012729, -2.6639226734668178, -4.459981751062428, 0.8832322660082517]]
[[359, 1.0977917135495994, -1.7376605011610673, -4.468531598888683, 0.9122095669754678], [360, -2.3351057033433533, -4.557070025886729, -9.440004759495741, 1.7271780109661652], [361, -1.2682134295728271, -2.773607485327778, -5.62040922990825, 0.7738930042344137]]
[[359, 1.1699022947459645, -1.665022422454681, -6.811740180913148, 0.8544341402827647], [360, -2.3351057033433533, -4.557070025886729, -9.440004759495741, 1.7271780109661652], [361, -1.2682134295728271, -2.773607485327778, -5.62040922990825, 0.7738930042344137], [362, 0.2748260154274353, -2.9336417235137593, -4.473293144802991, 0.5181996192426597], [364, -1.5251023820410428, -2.1375651095907253, -6.159720719021939, 0.7409237287492826]]
[[359, 1.1699022947459645, -1.665022422454681, -6.811740180913148, 0.8544341402827647], [361, -1.2682134295728271, -2.773607485327778, -5.62040922990825, 0.7738930042344137], [362, 0.28775245200702826, -2.73632045529898, -3.947762955067742, 0.6304573438952731], [364, -1.641436700791743, -2.4677271822752447, -7.96596449507612, 1.0543222438125786]]
[[359, 1.1699022947459645, -1.665022422454681, -6.811740180913148, 0.8544341402827647], [362, 0.2969017428274556, -2.500546057770071, -3.929148763233918, 0.7508878782684666], [364, -1.641436700791743, -2.4677271822752447, -7.96596449507612, 1.0543222438125786], [365, 2.1404704544158206, -3.1866082143602337, -6.285860573699537, 0.44695021638987437], [366, 1.3054419333670313, -2.8350452798526655, -5.657236417547181, 0.591983621515353]]
[[362, 0.3101902135732659, -2.240212176730532, -4.849792466476023, 0.8172776867727899], [364, -1.641436700791743, -2.4677271822752447, -7.96596449507612, 1.0543222438125786], [365, 2.178838205417183, -3.079775014016536, -6.788515564514086, 0.4797892170869641], [366, 1.297778534288369, -2.6273663469671678, -5.029625114869487, 0.5701876945192464]]
[[362, 0.3220569251410894, -2.011139266846995, -4.198421668453348, 1.0002651991056843], [365, 2.191127366891636, -2.9493998357536553, -6.813501645424124, 0.5546455034372222], [366, 1.2695127730396505, -2.3933886299069616, -5.222857829432143, 0.7545552948399812], [369, -0.921242635744782, -1.7528348585366456, -5.289381739365222, 0.5817174158118957]]
[[362, 0.3303191568003567, -1.7879547614191162, -3.7552025747147924, 0.9940939758241845], [365, 2.191127366891636, -2.9493998357536553, -6.813501645424124, 0.5546455034372222], [366, 1.2579693885204701, -2.187345650744029, -5.059868225872456, 0.8017950954672791], [369, -0.9938215081358439, -2.0172645721668965, -5.050915441951234, 0.7749208260834679]]
[[362, 0.3303191568003567, -1.7879547614191162, -3.7552025747147924, 0.9940939758241845], [365, 2.191127366891636, -2.9493998357536553, -6.813501645424124, 0.5546455034372222], [366, 1.2112978175679336, -1.9429937423819745, -4.703428733621342, 0.9034786046824419], [369, -1.191366924694261, -2.712128887377186, -9.540355098917857, 1.3105618423275052]]
[[362, 0.3303191568003567, -1.7879547614191162, -3.7552025747147924, 0.9940939758241845], [366, 1.2651933249317722, -1.8266469634180682, -6.783320593330194, 0.8706471364779625], [369, -1.191366924694261, -2.712128887377186, -9.540355098917857, 1.3105618423275052], [371, -2.064034867033218, -2.9321740879410756, -9.843823583488135, 1.0128613230385966]]
[[366, 1.2651933249317722, -1.8266469634180682, -6.783320593330194, 0.8706471364779625], [369, -1.191366924694261, -2.712128887377186, -9.540355098917857, 1.3105618423275052], [371, -2.1273806027614492, -3.1424252303509483, -7.041143951227113, 1.0900153277734301]]
[[366, 1.2651933249317722, -1.8266469634180682, -6.783320593330194, 0.8706471364779625], [369, -1.2151079209791094, -2.9538292846020395, -6.329117429742769, 1.4139191616326163], [371, -2.1414734533245987, -3.3127751153494485, -6.744433669455394, 1.0741825313560072], [373, 1.333175549686828, -2.864484185757145, -5.7283318898960465, 0.6332265186739019], [374, -1.559222032653309, -2.1384745158844587, -7.354932976822705, 0.636533582473559]]
[[369, -1.1349588491961373, -3.0325384160147335, -7.315418383805035, 1.3696245856541223], [371, -1.9981683918433635, -3.209458353161937, -4.735828050458411, 1.064912399599707], [373, 1.321003959243615, -2.6433942117297486, -4.870596316733936, 0.7441818629621997], [374, -1.5472267192243647, -2.233172307593202, -4.144671598348672, 0.6489224001858708]]
[[369, -1.0330980957059825, -3.0464817336585335, -7.357478251846575, 1.1520175713011853], [371, -1.9981683918433635, -3.209458353161937, -4.735828050458411, 1.064912399599707], [373, 1.3018584693216761, -2.4026606977246328, -5.414393379062069, 0.7542346700742376], [374, -1.4391789275317943, -2.1845457053315003, -3.452225428536816, 0.5896772987433178]]
[[369, -1.0330980957059825, -3.0464817336585335, -7.357478251846575, 1.1520175713011853], [371, -1.9981683918433635, -3.209458353161937, -4.735828050458411, 1.064912399599707], [373, 1.2892309925169314, -2.1886048033447, -5.730056357223187, 0.8090640919331857], [374, -1.3550833297711842, -2.1807833089867, -3.5120719913724856, 0.5483165547107124], [376, 0.9671265681335517, -2.7663394173430627, -5.984195025420466, 0.4900460712537048]]
[[369, -1.0330980957059825, -3.0464817336585335, -7.357478251846575, 1.1520175713011853], [373, 1.2354265397105049, -1.945143672909607, -4.656004870396806, 0.9178586367735623], [374, -1.295774465199278, -2.218749254747905, -4.010297913172374, 0.5544642737793125], [376, 1.0354505050674403, -2.8243632161179626, -4.683993208590433, 0.5524925663194477]]
[[373, 1.3161202576381943, -1.8705929377473764, -8.304772959983712, 0.8300826560730503], [374, -1.4705230625916623, -2.757402059774361, -6.9960297755529695, 0.7343488967902305], [376, 1.1040341043530122, -2.8675613035333622, -5.187881880245528, 0.5725395636811592], [377, 0.3674864578523518, -1.8831704981240862, -3.5196446999179423, 0.616079196588988], [378, 0.8633372628352228, -2.6944673211912065, -4.849958544173973, 0.5805443919067639]]
[[373, 1.3161202576381943, -1.8705929377473764, -8.304772959983712, 0.8300826560730503], [374, -1.63178063705827, -3.2671715009340256, -7.776975454456938, 1.2798919518993916], [376, 1.1437320340469033, -2.83198284136117, -4.023260334877335, 0.5553293386093661], [377, 0.4089841610651003, -1.7590863176348308, -5.906032696830066, 0.7097183578594912], [378, 0.8536657867018062, -2.446635352410828, -3.802914335399264, 0.7887759320011349]]
[[373, 1.3161202576381943, -1.8705929377473764, -8.304772959983712, 0.8300826560730503], [374, -1.7279220810072462, -3.655193932922325, -8.301149206453706, 1.6800748195845128], [376, 1.3060815422781475, -3.0373024834721454, -7.048941616321248, 0.8420209739057359], [377, 0.4089841610651003, -1.7590863176348308, -5.906032696830066, 0.7097183578594912], [378, 0.8344139952023985, -2.170850592055173, -4.688545595780355, 1.0549788295426328]]
[[374, -1.6458126681787815, -3.6160910266336725, -4.560582481205418, 1.731700302018823], [376, 1.3468463813497789, -2.9747980580847084, -5.094410785128159, 0.6224282215478849], [377, 0.4089841610651003, -1.7590863176348308, -5.906032696830066, 0.7097183578594912], [378, 0.809288686842828, -1.9010002254277345, -4.43589113593422, 1.3153097356124053]]
[[374, -1.6970394104425668, -3.9449870785348717, -8.71442131741272, 2.1391219149731144], [376, 1.4962416599581516, -3.103240220462655, -8.09445264295543, 0.8192799517278428], [378, 0.9006177667473034, -1.8123155745527393, -7.999718873303975, 1.330467644558213]]
[[374, -1.6439774058334762, -3.9707542258766315, -5.623739419242324, 1.7754832898868085], [376, 1.5098149405499193, -2.994773840458135, -5.282842227413755, 0.9106520519129093], [378, 1.475744072888768, -2.3164014020331756, -21.30709141244106, 2.267463297476088]]
[[374, -1.6439774058334762, -3.9707542258766315, -5.623739419242324, 1.7754832898868085], [376, 1.5822283469560543, -2.955150737277677, -6.140584691027312, 0.955635459331987], [378, 1.475744072888768, -2.3164014020331756, -21.30709141244106, 2.267463297476088], [381, 1.1932812135442215, -1.8349872318638907, -5.59386639638202, 0.9998111431541943]]
[[374, -1.6439774058334762, -3.9707542258766315, -5.623739419242324, 1.7754832898868085], [376, 1.6214679971818093, -2.847145694442178, -7.303800331119996, 0.8122513817825663], [378, 1.475744072888768, -2.3164014020331756, -21.30709141244106, 2.267463297476088], [379, 0.8404202200737678, -3.2183306648223162, -4.521193951246537, 1.2422697086043308], [381, 1.1695328889487806, -1.6760730025773682, -6.403902993349325, 1.2007889905474116], [382, 0.786638205859417, -2.5998606228028955, -4.072967236600908, 0.7553226449546496]]
[[376, 1.6764627660078266, -2.743600077877044, -6.893162479961718, 0.8762338970347192], [379, 0.8250395055541487, -3.018017981767332, -4.692392479729359, 1.124445884162867], [381, 1.1695328889487806, -1.6760730025773682, -6.403902993349325, 1.2007889905474116], [382, 0.8075922866671663, -2.4358891910194274, -5.450833012122451, 0.8615568556593102]]
[[376, 1.6817442053310825, -2.5841273843544945, -6.303840106288337, 0.8306061853395198], [379, 0.889703449634219, -3.0539575482394294, -5.5836048114711385, 1.0219866949558116], [381, 1.1695328889487806, -1.6760730025773682, -6.403902993349325, 1.2007889905474116], [382, 0.8211670894735739, -2.247091042875103, -5.000227316912305, 1.0531413931668667], [383, -1.8965817389087343, -3.630444022478563, -10.152428598530946, 1.9601068419420649]]
[[376, 1.7139878837802924, -2.4592904511585245, -6.436557778778492, 0.866250788012881], [379, 0.9437005663664879, -3.0511378514278786, -5.304130163043997, 0.999820868931222], [382, 0.8036627546894644, -2.0114592490290293, -4.046854204366185, 1.2170346202753826], [383, -1.8965817389087343, -3.630444022478563, -10.152428598530946, 1.9601068419420649]]
[[376, 1.7139878837802924, -2.4592904511585245, -6.436557778778492, 0.866250788012881], [379, 0.9776632348359585, -2.985909379136868, -5.40854311516308, 0.9004528523192212], [382, 0.793621169412325, -1.8031005649157705, -4.1145282396486, 1.4122977259097629], [383, -1.8965817389087343, -3.630444022478563, -10.152428598530946, 1.9601068419420649]]
[[376, 1.8108624884788442, -2.4464408508875253, -9.56401559994134, 0.904697004179616], [379, 0.9884454924451673, -2.848171109765205, -4.373710447069232, 0.7957144390371793], [382, 0.8498145203816726, -1.6980501856176837, -6.414937792995369, 1.3555127919656873]]
[[376, 1.8108624884788442, -2.4464408508875253, -9.56401559994134, 0.904697004179616], [379, 1.0033630480632871, -2.7077716805471526, -4.713869531801166, 0.6750907313194711], [382, 0.8498145203816726, -1.6980501856176837, -6.414937792995369, 1.3555127919656873]]
[[376, 1.8108624884788442, -2.4464408508875253, -9.56401559994134, 0.904697004179616], [379, 1.0136558980450927, -2.5550941666255373, -4.189333320379482, 0.774776296883156], [382, 0.8498145203816726, -1.6980501856176837, -6.414937792995369, 1.3555127919656873]]
[[379, 1.0547592135603312, -2.464396216464329, -5.287627948007728, 0.8395829251134866]]
[[379, 1.1618992483889046, -2.4972318327509084, -5.6068583261915155, 0.8942299565224847]]
[[379, 1.2793736948515706, -2.5447496936951204, -5.14957227384785, 0.8706773763753095], [384, -1.5854688118512719, -2.2258306520649644, -5.3422321454472, 0.9494808622577249]]
[[379, 1.408938871151733, -2.6072788068604305, -6.2678769388382225, 0.9087705982835421], [384, -1.5573498831797985, -2.379159969639466, -5.612757344411342, 1.0967929695148293]]
[[379, 1.5415156858659063, -2.659149764856121, -5.40931548478263, 0.9054249526791471], [384, -1.5739796344687331, -2.6357353974101514, -6.13535835125614, 1.146551491351548], [385, -2.3118801707964787, -2.7652858403157685, -6.910994392452852, 1.3462370553603327]]
[[379, 1.625074756150216, -2.62569192413973, -6.256170313839425, 0.867872413505993], [384, -1.7309446135078752, -3.231958723065583, -7.758918868307366, 1.622753992239908], [385, -2.327424479112622, -2.8954392076280593, -5.630171749552186, 1.349668853837643]]
[[379, 1.6697652821277944, -2.527746163307382, -6.222689024574637, 0.8179144677876036], [384, -1.7309446135078752, -3.231958723065583, -7.758918868307366, 1.622753992239908], [385, -2.378649926941626, -3.0994057145309384, -6.792846257293526, 1.335188285882461]]
[[379, 1.7217608328147491, -2.439979193292811, -6.917493084959347, 0.7690306990707957], [384, -1.7309446135078752, -3.231958723065583, -7.758918868307366, 1.622753992239908], [385, -2.348179717114602, -3.1911677502487663, -6.053317005445834, 1.1291206297492666]]
[[379, 1.6670004882158305, -2.239051518423734, -5.5942235678923, 0.8074197365396006], [385, -2.321092046412069, -3.285785305953296, -7.0867674228069655, 0.8752084179560619]]
[[379, 1.598119109863877, -2.037091762948679, -5.3306357319048265, 0.8402549473826475], [385, -2.321092046412069, -3.285785305953296, -7.0867674228069655, 0.8752084179560619]]
[[379, 1.564567839020634, -1.8945820025252231, -2.894106021646951, 0.8729376154576812], [385, -2.2644328617518283, -3.372439104504694, -6.295686065936202, 0.7214302330984641]]
[[379, 1.564567839020634, -1.8945820025252231, -2.894106021646951, 0.8729376154576812], [385, -2.2644328617518283, -3.372439104504694, -6.295686065936202, 0.7214302330984641]]
[[379, 1.564567839020634, -1.8945820025252231, -2.894106021646951, 0.8729376154576812], [385, -2.2644328617518283, -3.372439104504694, -6.295686065936202, 0.7214302330984641]]
[[389, 2.1092423951956416, -3.1432883456990295, -8.952456690127514, 0.6121923023507628]]
[[389, 2.116601771668372, -2.9902947591036333, -6.251193022210091, 0.6468421019375834]]
[[389, 2.1767877531109145, -2.902817303625107, -8.502039834429299, 0.6666759357947935], [390, 1.6525321495955352, -3.9861011700485744, -9.721273096466595, 0.97317527572469]]
[[389, 2.106818601265145, -2.682360248519659, -7.822901092746508, 0.8039743721084438], [390, 1.6872025577172232, -3.870291192161904, -5.9939509187235025, 1.0658806936507357]]
[[389, 1.9970040238854068, -2.4396973532045814, -5.215244855070192, 0.9993575348435723], [390, 1.6287400164908077, -3.564648994148114, -5.084619392609478, 1.2658360656936796], [391, -1.1765039972413818, -2.0767744615507713, -5.259839042389582, 0.8059205786291557]]
[[389, 1.9970040238854068, -2.4396973532045814, -5.215244855070192, 0.9993575348435723], [390, 1.6144285468254163, -3.3505894440910793, -5.675532099627658, 1.413702684542198], [391, -1.1985110177517726, -2.3041379703910314, -6.158898410297914, 1.0119954500383377], [392, 0.8339586023881655, -2.8274397884414992, -5.283246102720152, 0.5476033117292429]]
[[389, 1.9970040238854068, -2.4396973532045814, -5.215244855070192, 0.9993575348435723], [390, 1.7410956344914919, -3.3429903789192714, -8.450777821502147, 1.4328266744597118], [391, -1.2493722794687578, -2.6187459673504767, -5.829379569234954, 1.2411651167309183], [392, 0.8660220734679172, -2.6956641196877795, -6.012205708080882, 0.5374684859640027], [395, -1.5841068549093562, -2.249795161824464, -5.458683677989116, 1.004426948371156]]
[[390, 1.9599524010288727, -3.443402376986108, -10.167368953059365, 1.051270247490455], [391, -1.262747953444398, -2.884965542007345, -6.153966234891847, 1.2817215443625356], [392, 0.8990807408244208, -2.5383935226137213, -5.3408058972103625, 0.652538033895693], [395, -1.6278482007216315, -2.493509679824083, -6.53728520023962, 1.1716947521792969]]
[[390, 2.067815120318016, -3.3728757398609526, -9.167019244875133, 1.0622780906865559], [391, -1.262747953444398, -2.884965542007345, -6.153966234891847, 1.2817215443625356], [392, 0.9083747629272101, -2.3371705450142874, -4.751157301890407, 0.7818365676245873], [395, -1.821135521345096, -3.046734347088229, -7.940965538823266, 1.54903287882092], [396, 1.42320977632652, -3.2139934331273645, -7.271701084121629, 0.6515428939583277]]
[[390, 1.9348439292267259, -2.9933285726137875, -5.517869686308438, 1.2081025067947375], [391, -1.262747953444398, -2.884965542007345, -6.153966234891847, 1.2817215443625356], [392, 0.8979897726144512, -2.102665604352545, -5.350059836603839, 0.9240897963968365], [395, -1.8106045766479144, -3.2229031334639187, -5.863563669847862, 1.5271804578853152], [396, 1.4096562544771554, -3.010100138618868, -4.9976957000071325, 0.718401531896649], [397, -2.5286515230674302, -3.3418528350212977, -5.760228038234838, 0.9724626542459426]]
[[390, 1.731348648798324, -2.55405920747838, -4.899711434421122, 1.5075335274401733], [392, 0.958888749423894, -1.978985436479566, -8.627813358848197, 0.9532118655349157], [395, -1.8106045766479144, -3.2229031334639187, -5.863563669847862, 1.5271804578853152], [396, 1.339762048031603, -2.7034074372802723, -5.048729052045623, 0.9411279566520611], [397, -2.4612841276717163, -3.3756060288319993, -5.989771784004669, 1.0342112301355684]]
[[390, 1.5479245430423851, -2.1686480700499073, -5.06769892478604, 1.9338936130598259], [392, 1.3359167710738475, -2.3057801406468945, -12.175836901425132, 1.4646624324637718], [395, -1.8106045766479144, -3.2229031334639187, -5.863563669847862, 1.5271804578853152], [396, 1.2583360374625043, -2.3916144577376675, -4.830069429355808, 1.2742001077321983], [397, -2.4612841276717163, -3.3756060288319993, -5.989771784004669, 1.0342112301355684]]
[[390, 1.3802506307036715, -1.8397734275022446, -2.967245077745572, 2.245033096070732], [392, 1.3359167710738475, -2.3057801406468945, -12.175836901425132, 1.4646624324637718], [396, 1.1742092858299071, -2.093557620851462, -4.062443314047497, 1.646641727536705], [397, -2.4612841276717163, -3.3756060288319993, -5.989771784004669, 1.0342112301355684]]
[[390, 1.262710799930612, -1.599001747788907, -1.2508048984427151, 2.4879931448408863], [392, 1.3359167710738475, -2.3057801406468945, -12.175836901425132, 1.4646624324637718], [396, 1.1072740974739692, -1.8400740592356941, -4.710212543655279, 1.8366139926733347]]
[[390, 1.262710799930612, -1.599001747788907, -1.2508048984427151, 2.4879931448408863], [396, 1.0811212917474435, -1.6591603283203644, -4.934082999431334, 1.8496196695899143], [398, 0.7601742908925497, -2.8138582041906277, -6.71918347468108, 1.210676635750224]]
[[390, 1.262710799930612, -1.599001747788907, -1.2508048984427151, 2.4879931448408863], [396, 1.1322018383554349, -1.5804759615960076, -6.7467486563543755, 1.6464184469103635], [398, 0.7972073138541265, -2.679335160752763, -7.677983097503436, 1.3602349150213002]]
[[396, 1.1322018383554349, -1.5804759615960076, -6.7467486563543755, 1.6464184469103635], [398, 0.860717498022897, -2.5877059478302575, -8.562603406713922, 1.4338670043686352]]
[[396, 1.1322018383554349, -1.5804759615960076, -6.7467486563543755, 1.6464184469103635], [398, 0.9206183913833499, -2.4674797162471958, -8.292528230721441, 1.2999490088171721]]
[[398, 0.8743226515657445, -2.1594790710647795, -5.726454608501383, 1.3196502057567465], [400, 1.5622868226264899, -3.228785251884808, -6.084800718987891, 1.0409499569360467], [402, -1.022067298641029, -1.6616490149444387, -3.5870049773605643, 0.7019697512989002]]
[[398, 0.8817402784389412, -1.9369617523897689, -7.165946817859804, 1.3246664000816903], [400, 1.7318725799493526, -3.3426634674174425, -9.409179911295455, 1.271595654097339], [402, -1.1800796124843502, -2.1792434829567986, -8.454615513013952, 1.423330933144974]]
[[398, 1.0008995166894779, -1.907965268802808, -10.487238576695248, 1.3037555291894134], [400, 1.7248467258251288, -3.1602761034029294, -5.623521142825243, 1.3123713197427926], [402, -1.2091808574090628, -2.409786566172266, -4.1965339898936, 1.5716097193122471]]
[[398, 1.0008995166894779, -1.907965268802808, -10.487238576695248, 1.3037555291894134], [400, 1.6911920256772044, -2.9308657212628138, -5.895831502450571, 1.4025850530847264], [402, -1.304484199804141, -2.8413482078173873, -7.0015202638735845, 2.03124452232132], [404, -2.321020354894229, -2.839247275398852, -5.95347977528541, 1.0741080942323158], [405, 0.8870056513475423, -3.0078064028061755, -5.284196597897718, 0.9132510518954092]]
[[398, 1.0008995166894779, -1.907965268802808, -10.487238576695248, 1.3037555291894134], [400, 1.5767633622648425, -2.5987958997601637, -4.4040356026499685, 1.5550353801284498], [402, -1.273151217878616, -2.9607340154069837, -6.097994979023387, 2.084153924128382], [404, -2.3182805792171397, -2.9514574823382977, -6.728264259649993, 1.1685911309383652], [405, 0.8807763157986331, -2.7904446803910754, -4.6159149713140035, 1.152925438755613]]
[[400, 1.4481240630334966, -2.2565130624490126, -4.633630145993059, 1.9272326685778887], [402, -1.273151217878616, -2.9607340154069837, -6.097994979023387, 2.084153924128382], [404, -2.3182805792171397, -2.9514574823382977, -6.728264259649993, 1.1685911309383652], [405, 0.97760875958501, -2.7589565294258156, -9.213676703683864, 1.2037266981123556]]
[[400, 1.3587435632367457, -1.9838325547960738, -5.514898069524962, 2.0513482876525595], [402, -1.273151217878616, -2.9607340154069837, -6.097994979023387, 2.084153924128382], [404, -2.27311009330167, -3.0387465216257095, -5.598994854306831, 0.9782996765349015], [405, 0.9675034312981845, -2.5044992220817424, -4.75503994956822, 1.2894231959767815]]
[[400, 1.3587435632367457, -1.9838325547960738, -5.514898069524962, 2.0513482876525595], [404, -2.27311009330167, -3.0387465216257095, -5.598994854306831, 0.9782996765349015], [405, 0.9274137688328763, -2.2007378826848902, -4.776988870291217, 1.5817411523599383]]
[[400, 1.3587435632367457, -1.9838325547960738, -5.514898069524962, 2.0513482876525595], [404, -2.27311009330167, -3.0387465216257095, -5.598994854306831, 0.9782996765349015], [405, 0.9912740899394008, -2.0641694759416094, -8.255093631463513, 1.477792616875691], [407, 1.575920774637238, -2.760697182015284, -5.339087851043759, 1.1309853066841722]]
[[405, 0.9912740899394008, -2.0641694759416094, -8.255093631463513, 1.477792616875691], [407, 1.6557429412757467, -2.690105444910604, -6.168989301470898, 1.1185635786991157]]
[[405, 0.9912740899394008, -2.0641694759416094, -8.255093631463513, 1.477792616875691], [407, 1.6687570006576666, -2.541516824436771, -5.350786249132295, 1.0899027904716443]]
[[407, 1.6687570006576666, -2.541516824436771, -5.350786249132295, 1.0899027904716443]]
[[407, 1.6687570006576666, -2.541516824436771, -5.350786249132295, 1.0899027904716443]]
[[409, 0.7471382148013612, -2.4783583532429407, -4.114278223011187, 0.657876821492393]]
[[409, 0.753495284950224, -2.309820330454726, -4.919363046463621, 0.8346538691461152]]
[[409, 0.7500679438894945, -2.1164736860233346, -4.964989128696552, 0.9377568694277194]]
[[409, 0.736906617554337, -1.9145777346487232, -4.25387582160989, 1.0832706560174779]]
[[409, 0.7261617924222447, -1.725915368005348, -3.923486837330551, 1.20214216187584], [411, 0.8061946439679534, -2.5602410637038964, -3.8393212515253747, 0.6416090526233442]]
[[409, 0.7389697435286918, -1.5865702277012266, -4.733351982222922, 1.1790934112447284], [411, 0.9227334245706075, -2.723028046981935, -6.615899070429701, 0.705327079637706]]
[[409, 0.8313743302256317, -1.5680801652087162, -7.441502576287018, 1.0394947172446856], [411, 0.9461014581669722, -2.6390651440630837, -3.5404144716193056, 0.7070897598919689]]
[[409, 1.1969301795245153, -1.916648563342318, -10.89852271745654, 1.5253740628516002], [411, 0.9317888362770377, -2.470428715224539, -3.426816203317183, 0.8464637876257457], [413, 0.9745133621264128, -2.9807812629842143, -5.3175760565314985, 0.8512843912105689]]
[[409, 1.1969301795245153, -1.916648563342318, -10.89852271745654, 1.5253740628516002], [411, 0.9880852033969587, -2.440810673296508, -4.227161857367965, 0.7476171460634522], [413, 0.9909295492709558, -2.7983681002801024, -6.07281149483953, 0.9752829073671891]]
[[409, 1.1969301795245153, -1.916648563342318, -10.89852271745654, 1.5253740628516002], [411, 1.2840356937217132, -2.8613482724477066, -9.372739504757305, 1.0997813534707548], [413, 1.0005660498257514, -2.592049993523115, -5.614708560621924, 0.9359877652788425]]
[[411, 1.6250222221551383, -3.349335431559128, -9.193127505501211, 1.5920556138535602], [413, 0.9941731943596603, -2.364910980105812, -6.075559598304445, 0.9967452133096589]]
[[411, 1.8755683467369546, -3.643884140400865, -8.703137257129963, 1.922755759406762], [413, 0.9695144695547914, -2.11747314765954, -5.3413996426120205, 1.1216585334201423], [415, -1.5547985453598374, -2.7713306766928794, -5.296478440122092, 0.9484183664942917]]
[[411, 1.8090120730118981, -3.377917065533028, -5.183080024666367, 2.0481181545366294], [413, 1.0119381159834726, -1.981012274484327, -7.725484828057903, 1.070575904039438], [415, -1.4621173083851775, -2.7111835217213964, -4.319289344637401, 0.48608128671699513]]
[[411, 1.8020249667160253, -3.182329369562283, -7.615363155467887, 2.2173118711112396], [413, 1.2701010551759322, -2.1473042984879127, -11.658151072624765, 1.2740417702474862], [415, -1.3909901800387492, -2.6903497874867517, -5.188434830433822, 0.5058048445305012]]
[[411, 1.7991654596563134, -2.98896021194764, -7.81361051470822, 1.9680857880849725], [413, 1.2701010551759322, -2.1473042984879127, -11.658151072624765, 1.2740417702474862], [415, -1.488450809549719, -3.0560953100200163, -9.121790520764177, 0.8877496046610597], [418, -1.798586443595191, -2.2013882788738575, -7.378002973681175, 1.5797384073359562], [419, 1.4231207277983444, -2.0353570730000072, -7.044460717868376, 0.9907820800164664]]
[[411, 1.7957692940714471, -2.800942934895429, -8.621170787924886, 1.4948587797903619], [413, 1.2701010551759322, -2.1473042984879127, -11.658151072624765, 1.2740417702474862], [415, -1.488450809549719, -3.0560953100200163, -9.121790520764177, 0.8877496046610597], [418, -1.9198933245589391, -2.459384867741235, -7.093212165822958, 1.7510946033077723], [419, 1.5504971018857843, -2.038373358471693, -8.882218700311164, 0.9441978283785314]]
[[411, 1.7464511759819648, -2.5561104361683555, -7.151531275892924, 1.4277478730499926], [415, -1.488450809549719, -3.0560953100200163, -9.121790520764177, 0.8877496046610597], [418, -2.0621016249301443, -2.791970756655283, -6.725422928909358, 1.9707235000489565], [419, 1.5504971018857843, -2.038373358471693, -8.882218700311164, 0.9441978283785314]]
[[411, 1.6836018077218586, -2.3110186909001507, -7.403806516300376, 1.440307950255718], [418, -1.9899371559797014, -2.804455909257424, -4.492062564867012, 1.732152108571832], [419, 1.4640858860583685, -1.8420017719973505, -4.513044713737959, 1.0254825895022008]]
[[411, 1.6836018077218586, -2.3110186909001507, -7.403806516300376, 1.440307950255718], [418, -2.093337093677354, -3.1392708865871564, -8.260985791032827, 1.9226290486556366], [419, 1.4640858860583685, -1.8420017719973505, -4.513044713737959, 1.0254825895022008], [420, 1.3031771621129762, -2.8539784325122763, -4.550791018003037, 0.7728520779482375]]
[[411, 1.6836018077218586, -2.3110186909001507, -7.403806516300376, 1.440307950255718], [418, -2.1846387744334863, -3.4586253354061034, -6.062715841511794, 2.0373758356305602], [419, 1.4640858860583685, -1.8420017719973505, -4.513044713737959, 1.0254825895022008], [420, 1.318357181597619, -2.703730884626148, -4.981391355834866, 0.9408984215216023]]
[[418, -2.288998626473057, -3.81743953328695, -7.480437680051343, 2.179968374349295], [420, 1.3120009611901897, -2.5156472416820996, -4.922499178523299, 1.0810925862951923]]
[[418, -2.3372620860048827, -4.114345669394659, -8.93108088661599, 2.0933172042794865], [420, 1.3470337268714832, -2.399801258289119, -5.239735997344637, 1.0676895958298591]]
[[418, -2.172299410706037, -3.9799963426100673, -6.188856292994869, 2.292762637465703], [420, 1.3396137020331043, -2.213432352211251, -5.360299756631864, 1.1520336295953932], [421, 0.8261888348327833, -2.9687353946165156, -5.610615200321178, 0.8578847169108732]]
[[418, -2.202911072541342, -4.255271467960513, -9.200899773169809, 2.166210718459391], [420, 1.2932731266748752, -1.990399894395328, -4.904537794826585, 1.2611141880338423], [421, 0.8001076937109375, -2.7256780474076776, -4.477981614521571, 1.139572150483644]]
[[418, -2.202911072541342, -4.255271467960513, -9.200899773169809, 2.166210718459391], [420, 1.3284485272332707, -1.8681726588435303, -6.902796952213937, 1.2184661305829385], [421, 0.7868412386162826, -2.5156448810577547, -4.308652031369878, 1.2482916376391062], [422, 2.4218118650625122, -4.091858977251848, -6.910126026735336, 2.2625019083763496]]
[[418, -2.202911072541342, -4.255271467960513, -9.200899773169809, 2.166210718459391], [420, 1.3284485272332707, -1.8681726588435303, -6.902796952213937, 1.2184661305829385], [421, 0.7707347208956209, -2.2904278063104333, -5.255030879715933, 1.5074271849612413], [422, 2.4486017942953255, -3.9616212489675435, -8.050269635389572, 2.0337586216249828]]
[[420, 1.3284485272332707, -1.8681726588435303, -6.902796952213937, 1.2184661305829385], [421, 0.757688379666195, -2.079866225017802, -5.123740566730184, 1.5358638908820195], [422, 2.4388301408136033, -3.788991897661674, -8.286457874094845, 1.3470316761396257], [424, 2.2615597657285735, -2.73028720728894, -5.197634127741033, 1.1187259487568753]]
[[421, 0.7507971483873808, -1.8844867387661153, -4.425998566549015, 1.565119164169048], [422, 2.370425685685621, -3.546858804734387, -7.816200372645253, 1.4829636842758842], [424, 2.2615597657285735, -2.73028720728894, -5.197634127741033, 1.1187259487568753]]
[[421, 0.7353752121213154, -1.6871111017729712, -3.972947124163454, 1.4815614344377208], [422, 2.305350837241907, -3.3145281176240124, -7.542732442850346, 1.4913953943834037], [424, 2.2615597657285735, -2.73028720728894, -5.197634127741033, 1.1187259487568753]]
[[421, 0.7783573267755297, -1.5840786757931078, -6.238334212262688, 1.3194258958739424], [422, 2.2102777834398672, -3.0583441280631565, -7.202820485219722, 1.4697248707511665], [425, -1.8729467080094184, -2.505724002828954, -5.157572756774097, 1.0757571980612703]]
[[421, 0.9253890326992782, -1.6523097880861668, -8.901073679128265, 1.1786701427682753], [422, 2.1730432684555354, -2.88445202644076, -8.14144942141774, 1.4825046966899431], [425, -1.8882208482500713, -2.680207872344622, -7.068401425673531, 0.8477634311189579]]
[[421, 0.9253890326992782, -1.6523097880861668, -8.901073679128265, 1.1786701427682753], [422, 2.10691415046348, -2.684566092174811, -7.262048180053697, 1.536323329148151], [425, -2.13159312481941, -3.273093208904503, -9.365993404214855, 1.5035769784463]]
[[421, 0.9253890326992782, -1.6523097880861668, -8.901073679128265, 1.1786701427682753], [422, 2.0413117030334935, -2.4990357863521457, -7.6371002661239755, 1.4551853551303962], [425, -2.13159312481941, -3.273093208904503, -9.365993404214855, 1.5035769784463], [426, 1.4017043062549281, -3.0027894606552032, -4.694120002407698, 0.538333595159296], [428, 0.8658080442305981, -2.9706538346354554, -5.173841917833728, 0.5878849096446628]]
[[422, 2.0385237763858814, -2.399029843455694, -5.986773569475622, 1.2867439608421847], [425, -2.13159312481941, -3.273093208904503, -9.365993404214855, 1.5035769784463], [426, 1.4679042739867074, -2.929852281673576, -5.04957555897028, 0.6326160718546154], [427, 2.1615728709133446, -3.001965251446939, -5.780359529107706, 0.7197548767806763], [428, 0.8699368731838688, -2.8246463439544924, -5.778021711174456, 0.672131037809893]]
[[422, 1.991658667711719, -2.2712638240880585, -3.372600790539616, 1.1424692454348535], [426, 1.5269628379237858, -2.8400077564155906, -5.299980444783402, 0.6827528516739577], [427, 2.0385392868674295, -2.7103665922280373, -5.135477756528797, 1.135520514283996], [428, 0.8792033608091063, -2.662553186414307, -5.684583347773389, 0.8515938967417902]]
[[422, 1.991658667711719, -2.2712638240880585, -3.372600790539616, 1.1424692454348535], [426, 1.747077076147372, -2.972645533656064, -7.542049811259698, 0.9047650128471212], [427, 1.9852982621678992, -2.508682235471839, -5.960223525754269, 1.3097402229091901], [428, 0.890250020867237, -2.5119239086273284, -5.535557777064483, 0.9657302334547404]]
[[422, 1.991658667711719, -2.2712638240880585, -3.372600790539616, 1.1424692454348535], [426, 1.7758612516642884, -2.8396137763199083, -5.432738798669488, 0.9512493339418148], [427, 1.9852982621678992, -2.508682235471839, -5.960223525754269, 1.3097402229091901], [428, 0.8905163568275308, -2.3344539201679444, -5.514959631397462, 1.080942016943521]]
[[426, 1.6844455836625705, -2.553185475399699, -4.221708626947029, 1.2675851434427983], [427, 1.9852982621678992, -2.508682235471839, -5.960223525754269, 1.3097402229091901], [428, 0.8821780382648595, -2.1498062594684724, -4.914125307216857, 1.1638451047056466]]
[[426, 1.5884080435725214, -2.274020637901869, -4.523717626859065, 1.5564074685506373], [428, 0.8713829494092724, -1.9587115557049772, -4.58654604542309, 1.2319171844833403], [429, 1.1830513440253227, -3.173010293927972, -4.762058622291115, 1.034835154413007]]
[[426, 1.513026090069455, -2.038387340157335, -5.0615974187869, 1.7651778658939397], [428, 0.8798433238183155, -1.8045127006446249, -5.376625708142235, 1.2229239155212057], [429, 1.2123160257385759, -3.046197832039247, -5.226237051463073, 1.1628014040534231]]
[[426, 1.4046488314771577, -1.7957839375053464, -1.9076401283848903, 1.8192190458124728], [428, 0.9821520638304222, -1.7967089222172867, -8.849142105535394, 1.176200579932153], [429, 1.2313909890153787, -2.8874513491568967, -4.162502855578466, 1.250496829836698]]
[[426, 1.4046488314771577, -1.7957839375053464, -1.9076401283848903, 1.8192190458124728], [428, 0.9821520638304222, -1.7967089222172867, -8.849142105535394, 1.176200579932153], [429, 1.2346150453029803, -2.704197988595777, -4.790279681898221, 1.3612591948519683]]
[[426, 1.4046488314771577, -1.7957839375053464, -1.9076401283848903, 1.8192190458124728], [428, 0.9821520638304222, -1.7967089222172867, -8.849142105535394, 1.176200579932153], [429, 1.2329028589974933, -2.5021414473788366, -4.5985551515151295, 1.2428167586160561]]
[[429, 1.2109036540318563, -2.2841070551549416, -4.683845126901929, 1.3138754329712803]]
[[429, 1.1817770679225363, -2.066308845877012, -4.480626982865291, 1.4375912069456926], [432, 0.9142159310974092, -3.2271585146086954, -6.5405445594243705, 0.6565653045464384], [433, 2.2787644769348443, -2.8810144713250017, -5.562909197492649, 0.7822812629029464]]
[[429, 1.1535901206614985, -1.8638724617518405, -4.688626017440659, 1.5044853508615017], [432, 0.9157585007867222, -3.071830260166066, -4.851524869892911, 0.8580264244372291], [433, 2.2641584086191653, -2.7604162782381385, -6.023277631133976, 0.9004897867032678]]
[[429, 1.1285628680537647, -1.6835971766387565, -4.953770230295939, 1.5031703845985516], [432, 0.9132966531733606, -2.877415795186658, -4.996724277316687, 0.9450653617956097], [433, 2.1969980757220995, -2.5914316838379072, -5.11195021022789, 1.0705479014264512]]
[[429, 1.1285628680537647, -1.6835971766387565, -4.953770230295939, 1.5031703845985516], [432, 0.8848876909543049, -2.6450981652600727, -3.8826601416132815, 1.1191838278713755], [433, 2.1969980757220995, -2.5914316838379072, -5.11195021022789, 1.0705479014264512]]
[[429, 1.5036866977439383, -1.9343604085406425, -5.106326937748584, 1.8607766706294022], [432, 0.9304182218691501, -2.586109170821861, -6.18922813657339, 1.102083579365079], [433, 2.1969980757220995, -2.5914316838379072, -5.11195021022789, 1.0705479014264512], [434, 1.6909384605085136, -3.310676456335455, -5.696495112389092, 1.2806630676931219], [435, -1.442975381139908, -2.058076754645972, -5.981082269336068, 0.8736022774442468]]
[[429, 1.5036866977439383, -1.9343604085406425, -5.106326937748584, 1.8607766706294022], [432, 1.0056363033948992, -2.5635798631610305, -7.773272681832499, 1.0726103425613378], [434, 1.649952331264208, -3.060987488937402, -4.878961667838469, 1.4621018295638977], [435, -1.5261619112833067, -2.357237427181885, -7.969838367105827, 1.2571059655949894], [436, 0.9355821123119645, -3.864963074229103, -6.140699554072646, 2.1347216327057703]]
[[429, 1.5036866977439383, -1.9343604085406425, -5.106326937748584, 1.8607766706294022], [432, 0.9730245829450506, -2.328031613892173, -4.229701670770996, 1.1851095403713436], [434, 1.673466380608193, -2.918895773941622, -6.140036370865113, 1.5603698477855206], [435, -1.5872363750036855, -2.6211637219119597, -5.099998904468154, 1.5984052157007236], [436, 0.916928118006005, -3.6728405959003165, -4.976575290959593, 1.714365657622818]]
[[432, 0.934835002965597, -2.081161704300861, -4.8210997909103295, 1.2602705114665522], [434, 1.7089306462002303, -2.782722078352764, -7.059010015370457, 1.3122032596248414], [435, -1.5872363750036855, -2.6211637219119597, -5.099998904468154, 1.5984052157007236], [436, 0.8808297968273403, -3.392843994035005, -3.899964789677818, 1.3155140937501462], [437, 2.381931770434699, -3.1011470713576594, -6.380648895171615, 0.4611568628526278]]
[[432, 0.8878399857967944, -1.8376175084103736, -4.341462056149435, 1.280994589243786], [434, 1.6406237660745933, -2.5173783039041226, -4.929928908446992, 1.5198593429417524], [435, -1.6078004193316568, -2.860464327532138, -5.856096197896974, 1.7674078432491456], [436, 0.863276797975723, -3.145449305719104, -4.989749461070484, 1.2389950111170234], [437, 2.381931770434699, -3.1011470713576594, -6.380648895171615, 0.4611568628526278]]
[[432, 0.9043151802717566, -1.693443291084392, -5.699596219938152, 1.383688825058662], [434, 1.5569577961050962, -2.2472554749688967, -5.947182957816588, 1.5792189530862237], [435, -1.6078004193316568, -2.860464327532138, -5.856096197896974, 1.7674078432491456], [436, 0.84014342958489, -2.8816534697852734, -5.210125120864721, 1.5189597535822743], [437, 2.320502373577708, -2.9034414327231874, -5.608578406825869, 0.7248814031942977], [438, 1.05166906243462, -2.97000284492598, -3.3880661940464813, 1.0437081650689826]]
[[432, 0.9043151802717566, -1.693443291084392, -5.699596219938152, 1.383688825058662], [434, 1.5569577961050962, -2.2472554749688967, -5.947182957816588, 1.5792189530862237], [435, -1.6078004193316568, -2.860464327532138, -5.856096197896974, 1.7674078432491456], [436, 0.8237928030795376, -2.6459626000966177, -4.588811217042741, 1.7720099222914651], [437, 2.320502373577708, -2.9034414327231874, -5.608578406825869, 0.7248814031942977], [438, 0.9997994412135993, -2.717996661759752, -3.2568307723099834, 1.3983104416852326]]
[[432, 0.9043151802717566, -1.693443291084392, -5.699596219938152, 1.383688825058662], [434, 1.4017699206857666, -1.918658804335187, -1.866733952250542, 1.7510728012854706], [436, 0.7935183030594499, -2.3775128493021036, -4.096566096673826, 1.8918991099990037], [437, 2.320502373577708, -2.9034414327231874, -5.608578406825869, 0.7248814031942977], [438, 0.9724127092668833, -2.502208419741039, -3.988348823884917, 1.6832771258318133]]
[[434, 1.4017699206857666, -1.918658804335187, -1.866733952250542, 1.7510728012854706], [436, 0.7734201373680168, -2.1440191830619146, -4.967143409673801, 1.8325655743679115], [438, 0.9784899812321393, -2.356338187409274, -4.364051050171824, 1.551782946859089]]
[[434, 1.4017699206857666, -1.918658804335187, -1.866733952250542, 1.7510728012854706], [436, 0.7465843642735608, -1.913026836715819, -3.909528658772251, 1.7895657311308224], [438, 1.0303947844795525, -2.3014853096054657, -5.6684011278956135, 1.2520525153219029]]
[[436, 0.7174602420929137, -1.6969171450610019, -3.8960365652267437, 1.7151226862152136], [438, 1.0886466617682418, -2.249315469872808, -5.04612165292454, 1.1250206296387124]]
[[436, 0.7256288536825133, -1.553388526447053, -5.038578619894787, 1.5779269469041313], [438, 1.1321101324099834, -2.1778722150833802, -6.164199423756068, 0.870517484261231]]
[[436, 0.843005534862513, -1.567569845022515, -7.858741614569999, 1.3388500391687093], [438, 1.1321101324099834, -2.1778722150833802, -6.164199423756068, 0.870517484261231]]
[[436, 1.3933821496808951, -2.1662705947098564, -15.298572758783472, 2.088404420775763], [438, 1.1321101324099834, -2.1778722150833802, -6.164199423756068, 0.870517484261231]]
[[436, 1.3933821496808951, -2.1662705947098564, -15.298572758783472, 2.088404420775763], [438, 1.324083842401167, -2.2883430419542794, -5.54654322037143, 0.8467999500967529]]
[[436, 1.3933821496808951, -2.1662705947098564, -15.298572758783472, 2.088404420775763], [438, 1.324083842401167, -2.2883430419542794, -5.54654322037143, 0.8467999500967529], [442, 1.1340432141751386, -1.710369522092575, -6.834898311912598, 2.6322737014252775]]
[[438, 1.324083842401167, -2.2883430419542794, -5.54654322037143, 0.8467999500967529], [442, 1.1340432141751386, -1.710369522092575, -6.834898311912598, 2.6322737014252775]]
[[441, 1.2979365167716153, -3.3368832698544804, -5.023320460568646, 0.6505471734894044], [442, 1.1832351583168996, -1.6420900100076383, -5.113137733833694, 2.2392153372540244], [443, 2.423987163034914, -3.328785209276971, -9.975996002729543, 1.1698300587736952]]
[[441, 1.3710101634738525, -3.2593409755081124, -5.318693680977787, 0.7529396028016522], [442, 1.1832351583168996, -1.6420900100076383, -5.113137733833694, 2.2392153372540244], [443, 2.41796263901527, -3.1757001025964535, -6.699836947106205, 1.3107581554907504]]
